"Id_Regione";"Id_Unita";"Provincia";"Comune";"Id_categor";"Materiale";"A";"B";"C";"D";"Peso stima";"Peso_S1";"I1";"I2";"I3";"I4";"I5";"I6";"Superficie";"I7";"Effettiva";"Effettiv_1";"I8";"I9";"I10";"Data dismi";"I11";"I12";"I13";"I14";"Distanza c";"I15";"I16";"Punteggio";"Classe di";"Superfic_1";"Tipo di bo";"Tipo d'int";"Classed_1";"Costo_dell";"Fondi Loca";"Fondi da r";"Numero_pia";"Numero_van";"X";"Y"
"2";"Friuli1044";"UD";"REANA DEL ROIALE";"14";;1,0;1,0;2,5;2,5;;11400,0;15,0;1;1,0;1;2;5;;8;;;1;5;"1";;"1";1,0;"20";5,0;;4;2;630,0;3;;;;;;;;;;827747,6;5118838,6
"2";"Friuli1048";"PN";"ARZENE";"14";;1,0;1,0;2,5;2,5;;3960,0;10,0;1;1,0;1;2;3;;5;;;1;5;"1";;"1";1,0;"20";3,0;;4;2;482,0;3;;;;;;;;;;796822,0;5101432,4
"2";"Friuli1079";"UD";"REANA DEL ROIALE";"14";;1,0;1,0;2,5;2,5;;14700,0;15,0;1;1,0;1;2;5;;8;;;1;5;"1";;"1";1,0;"20";5,0;;4;2;630,0;3;;;;;;;;;;826958,3;5119159,4
"2";"Friuli1100";"UD";"BASILIANO";"14";;1,0;1,0;2,5;2,5;;540,0;10,0;1;1,0;1;2;3;;5;;;1;5;"1";;"1";1,0;"20";3,0;;4;2;482,0;3;;;;;;;;;;819371,8;5103483,5
"2";"Friuli1136";"PN";"SACILE";"14";;1,0;1,0;2,5;1,0;;1500,0;10,0;1;1,0;1;2;3;;5;;;1;5;"1";;"1";1,0;"20";5,0;;4;2;179,1;5;;;;;;;;;;772315,6;5096163,0
"2";"Friuli1145";"UD";"REANA DEL ROIALE";"14";;1,0;1,0;2,5;2,5;;6300,0;10,0;1;1,0;1;2;3;;5;;;1;5;"1";;"1";1,0;"20";5,0;;4;2;540,8;3;;;;;;;;;;826186,6;5118558,9
"2";"Friuli1147";"UD";"SEDEGLIANO";"14";;1,0;1,0;2,5;2,5;;19500,0;15,0;1;1,0;1;2;5;;8;;;1;5;"1";;"1";1,0;"20";3,0;;4;2;571,2;3;;;;;;;;;;807254,0;5102689,8
"2";"Friuli1179";"UD";"TRICESIMO";"14";;1,0;1,0;2,5;2,5;;6750,0;10,0;1;1,0;1;2;3;;5;;;1;5;"1";;"1";1,0;"20";5,0;;4;2;540,8;3;;;;;;;;;;826171,0;5120965,1
"2";"Friuli120";"UD";"TALMASSONS";"14";;1,0;1,0;2,5;2,5;;1500,0;10,0;1;1,0;1;2;3;;5;;;1;5;"1";;"1";1,0;"20";5,0;;4;2;540,8;3;;;;;;;;;;819226,6;5094578,7
"2";"Friuli1209";"UD";"PASIAN DI PRATO";"14";;1,0;1,0;2,5;2,5;;1500,0;10,0;1;1,0;1;2;3;;5;;;1;5;"1";;"1";1,0;"20";3,0;;4;2;482,0;3;;;;;;;;;;824118,8;5108376,5
"2";"Friuli1231";"GO";"CORMONS";"14";;1,0;1,0;2,5;2,5;;289500,0;15,0;1;1,0;1;2;9;;10;;;1;5;"1";;"1";1,0;"20";5,0;;4;2;674,1;3;;;;;;;;;;845625,5;5098432,4
"2";"Friuli1250";"GO";"GRADISCA D'ISONZO";"14";;1,0;1,0;2,5;2,5;;51045,0;15,0;1;1,0;1;2;5;;8;;;1;5;"1";;"1";1,0;"20";3,0;;4;2;571,2;3;;;;;;;;;;847914,8;5090712,5
"2";"Friuli1255";"PN";"PASIANO DI PORDENONE";"14";;1,0;1,0;2,5;2,5;;1500,0;10,0;1;1,0;1;2;3;;5;;;1;5;"1";;"1";1,0;"20";3,0;;4;2;482,0;3;;;;;;;;;;780902,4;5085578,3
"2";"Friuli1292";"UD";"PALMANOVA";"14";;2,5;1,0;2,5;2,5;1432;;10,0;1;1,0;1;2;5;;8;;;1;5;"1";;"1";1,0;"20";3,0;;4;2;229,5;5;;;;;;;;;;833091,1;5092758,2
"2";"Friuli1306";"PN";"PASIANO DI PORDENONE";"14";;1,0;1,0;2,5;2,5;;3000,0;10,0;1;1,0;1;2;3;;5;;;1;5;"1";;"1";1,0;"20";5,0;;4;2;540,8;3;;;;;;;;;;780251,6;5089288,8
"2";"Friuli1334";"GO";"STARANZANO";"13";;2,5;1,0;2,5;2,5;240;;5,0;1;1,0;1;2;3;;5;;;1;5;"1";;"1";1,0;"20";5,0;;4;2;214,6;5;;;;;;;;;;849698,2;5082338,6
"2";"Friuli14";"UD";"UDINE";"14";;2,5;1,0;2,5;1,0;50;;5,0;10;1,0;1;2;3;;10;;;1;5;"1";;"1";1,0;"10";5,0;;4;2;487,2;2;;;;;;;;;;827404,7;5110394,7
"2";"Friuli1401";"GO";"CAPRIVA DEL FRIULI";"13";;2,5;1,0;2,5;2,5;50;;5,0;1;1,0;0;2;3;;5;;;1;5;"1";;"1";1,0;"20";5,0;;4;2;211,5;5;;;;;;;;;;849942,5;5097513,0
"2";"Friuli1433";"PN";"CANEVA";"14";;1,0;1,0;2,5;2,5;;19050,0;15,0;1;1,0;1;2;5;;8;;;1;5;"1";;"1";1,0;"20";5,0;;4;2;630,0;3;;;;;;;;;;767290,5;5095627,3
"2";"Friuli1487";"PN";"ZOPPOLA";"14";;1,0;1,0;2,5;2,5;;1500,0;10,0;1;1,0;1;2;3;;5;;;1;5;"1";;"1";1,0;"20";5,0;;4;2;540,8;3;;;;;;;;;;793623,1;5096067,9
"2";"Friuli1509";"GO";"MOSSA";"14";;1,0;1,0;2,5;2,5;;75,0;5,0;1;1,0;1;2;3;;5;;;1;5;"1";;"1";1,0;"20";5,0;;4;2;488,3;3;;;;;;;;;;852696,3;5097349,1
"2";"Friuli1512";"UD";"TAVAGNACCO";"14";;1,0;1,0;2,5;2,5;;8250,0;10,0;1;1,0;1;2;5;;8;;;1;5;"1";;"1";1,0;"20";5,0;;4;2;577,5;3;;;;;;;;;;825472,9;5113928,0
"2";"Friuli1521";"TS";"TRIESTE";"14";;2,5;1,0;2,5;1,0;100;;5,0;10;3,0;1;2;3;;5;;;1;5;"7";;"1";1,0;"5";3,0;;4;2;355,0;4;;;;;;;;;;875667,6;5062208,6
"2";"Friuli153";"UD";"RIVE D'ARCANO";"14";;1,0;1,0;2,5;2,5;;2925,0;10,0;1;1,0;1;2;3;;5;;;1;5;"1";;"1";1,0;"20";5,0;;4;2;540,8;3;;;;;;;;;;810343,6;5114560,3
"2";"Friuli1567";"PN";"SAN MARTINO AL TAGLIAMENTO";"14";;1,0;1,0;2,5;2,5;;1500,0;10,0;1;1,0;1;2;3;;5;;;1;5;"1";;"1";1,0;"20";5,0;;4;2;540,8;3;;;;;;;;;;799510,4;5102869,8
"2";"Friuli1575";"UD";"BERTIOLO";"14";;1,0;1,0;2,5;2,5;;28500,0;15,0;1;1,0;1;2;5;;8;;;1;5;"1";;"1";1,0;"20";3,0;;4;2;571,2;3;;;;;;;;;;814139,4;5096748,6
"2";"Friuli159";"UD";"UDINE";"14";;1,0;1,0;2,5;1,0;;3000,0;10,0;1;1,0;1;2;3;;5;;;1;5;"1";;"1";1,0;"20";5,0;;4;2;179,1;5;;;;;;;;;;830342,4;5113205,0
"2";"Friuli1630";"UD";"TRASAGHIS";"14";;1,0;1,0;2,5;1,0;;8250,0;10,0;1;1,0;1;2;5;;8;;;1;5;"1";;"1";1,0;"20";5,0;;4;2;188,1;5;;;;;;;;;;814350,3;5133273,0
"2";"Friuli1637";"UD";"TARCENTO";"13";;2,5;1,0;2,5;1,0;50;;5,0;10;1,0;1;2;3;;10;;;1;5;"1";;"1";1,0;"10";5,0;;4;2;487,2;2;;;;;;;;;;825507,0;5126483,5
"2";"Friuli1653";"UD";"CODROIPO";"14";;1,0;1,0;2,5;2,5;;1500,0;10,0;1;1,0;1;2;3;;5;;;1;5;"1";;"1";1,0;"20";3,0;;4;2;482,0;3;;;;;;;;;;806192,5;5097699,7
"2";"Friuli1656";"PN";"FIUME VENETO";"14";;1,0;1,0;2,5;2,5;;10500,0;15,0;1;1,0;1;2;5;;8;;;1;5;"1";;"1";1,0;"20";5,0;;4;2;630,0;3;;;;;;;;;;789769,5;5092877,2
"2";"Friuli1682";"UD";"UDINE";"14";;1,0;1,0;2,5;2,5;;1500,0;10,0;1;1,0;1;2;3;;5;;;1;5;"1";;"1";1,0;"20";5,0;;4;2;540,8;3;;;;;;;;;;829769,0;5108599,7
"2";"Friuli1717";"UD";"MANZANO";"14";;1,0;1,0;2,5;2,5;;28500,0;15,0;1;1,0;1;2;5;;8;;;1;5;"1";;"1";1,0;"20";3,0;;4;2;571,2;3;;;;;;;;;;837511,3;5101041,2
"2";"Friuli1752";"UD";"TARCENTO";"13";;2,5;1,0;2,5;2,5;0;;5,0;1;1,0;0;2;3;;5;;;1;30;"1";;"1";1,0;"20";5,0;;4;2;290,3;5;;;;;;;;;;825559,0;5126525,6
"2";"Friuli1758";"UD";"FIUMICELLO";"14";;1,0;1,0;2,5;2,5;;4650,0;10,0;1;1,0;1;2;3;;5;;;1;5;"1";;"1";1,0;"20";5,0;;4;2;540,8;3;;;;;;;;;;842311,3;5080851,9
"2";"Friuli1770";"PN";"SPILIMBERGO";"14";;1,0;1,0;2,5;2,5;;6000,0;10,0;1;1,0;1;2;3;;5;;;1;5;"1";;"1";1,0;"20";5,0;;4;2;540,8;3;;;;;;;;;;798979,4;5113399,5
"2";"Friuli1779";"UD";"SAN DANIELE DEL FRIULI";"14";;1,0;1,0;2,5;2,5;;1500,0;10,0;1;1,0;1;2;3;;5;;;1;5;"1";;"1";1,0;"20";1,0;;2;2;408,5;3;;;;;;;;;;810160,4;5123118,4
"2";"Friuli1849";"PN";"AVIANO";"14";;1,0;1,0;2,5;2,5;;36900,0;15,0;1;1,0;1;2;5;;8;;;1;5;"1";;"1";1,0;"20";5,0;;4;2;630,0;3;;;;;;;;;;777822,0;5108277,6
"2";"Friuli185";"PN";"SACILE";"13";;2,5;1,0;2,5;1,0;0;;5,0;10;1,0;1;2;3;;5;;;1;30;"1";;"1";1,0;"20";5,0;;4;2;378,6;4;;;;;;;;;;771127,8;5094885,5
"2";"Friuli1865";"UD";"MANZANO";"14";;1,0;1,0;2,5;2,5;;2025,0;10,0;1;1,0;1;2;3;;5;;;1;5;"1";;"1";1,0;"20";1,0;;2;2;408,5;3;;;;;;;;;;842273,2;5104583,6
"2";"Friuli1879";"UD";"UDINE";"13";;2,5;1,0;2,5;1,0;50;;5,0;10;1,0;1;2;3;;10;;;1;5;"1";;"1";1,0;"10";5,0;;4;2;487,2;2;;;;;;;;;;828487,8;5109492,8
"2";"Friuli188";"UD";"CIVIDALE DEL FRIULI";"12";;1,0;1,0;2,5;2,5;;6615,0;10,0;1;1,0;1;2;3;;5;;;1;5;"1";;"1";1,0;"20";3,0;;4;2;482,0;3;;;;;;;;;;844572,4;5107709,3
"2";"Friuli1921";"PN";"CASARSA DELLA DELIZIA";"13";;2,5;1,0;2,5;2,5;50;;5,0;1;1,0;0;2;3;;5;;;1;5;"1";;"1";1,0;"20";5,0;;4;2;211,5;5;;;;;;;;;;797507,7;5096656,0
"2";"Friuli1923";"PN";"PORCIA";"14";;1,0;1,0;2,5;2,5;;51990,0;15,0;1;1,0;1;2;5;;8;;;1;5;"1";;"1";1,0;"20";5,0;;4;2;630,0;3;;;;;;;;;;779963,2;5098140,8
"2";"Friuli1934";"UD";"LIGNANO SABBIADORO";"13";;2,5;1,0;2,5;2,5;36;;5,0;1;1,0;1;2;3;;5;;;1;30;"1";;"1";1,0;"20";5,0;;4;2;293,4;5;;;;;;;;;;820115,0;5065324,4
"2";"Friuli1988";"UD";"UDINE";"13";;2,5;1,0;2,5;1,0;50;;5,0;10;1,0;1;2;3;;10;;;1;5;"1";;"1";1,0;"10";5,0;;4;2;487,2;2;;;;;;;;;;825851,1;5110852,5
"2";"Friuli1992";"UD";"LESTIZZA";"13";;2,5;1,0;2,5;1,0;50;;5,0;10;1,0;1;2;3;;10;;;1;5;"1";;"1";1,0;"10";5,0;;4;2;487,2;2;;;;;;;;;;822186,2;5099231,9
"2";"Friuli1993";"UD";"SAN DANIELE DEL FRIULI";"13";;2,5;1,0;2,5;2,5;50;;5,0;1;1,0;1;2;3;;5;;;1;5;"1";;"1";1,0;"20";5,0;;4;2;214,6;5;;;;;;;;;;809612,7;5119443,4
"2";"Friuli1994";"UD";"FAGAGNA";"13";;2,5;1,0;2,5;1,0;50;;5,0;10;1,0;1;2;3;;10;;;1;5;"1";;"1";1,0;"10";5,0;;4;2;487,2;2;;;;;;;;;;815669,3;5114764,5
"2";"Friuli20";"GO";"CORMONS";"14";;1,0;1,0;2,5;1,0;;5100,0;10,0;1;1,0;1;2;3;;5;;;1;5;"1";;"1";1,0;"20";3,0;;4;2;164,7;5;;;;;;;;;;846430,5;5098011,2
"2";"Friuli2092";"UD";"LIGNANO SABBIADORO";"14";;1,0;1,0;2,5;2,5;;2250,0;10,0;1;1,0;1;2;3;;5;;;1;5;"1";;"1";1,0;"20";3,0;;4;2;482,0;3;;;;;;;;;;820235,3;5066903,4
"2";"Friuli2102";"PN";"PORDENONE";"13";;2,5;1,0;2,5;2,5;50;;5,0;1;1,0;1;2;3;;5;;;1;30;"1";;"1";1,0;"20";5,0;;4;2;293,4;5;;;;;;;;;;783136,3;5096367,5
"2";"Friuli2175";"UD";"BAGNARIA ARSA";"14";;1,0;1,0;2,5;2,5;;1500,0;10,0;1;1,0;1;2;3;;5;;;1;5;"1";;"1";1,0;"20";3,0;;4;2;482,0;3;;;;;;;;;;835410,4;5090493,3
"2";"Friuli2177";"PN";"FIUME VENETO";"14";;1,0;1,0;2,5;2,5;;1500,0;10,0;1;1,0;1;2;3;;5;;;1;5;"1";;"1";1,0;"20";3,0;;4;2;482,0;3;;;;;;;;;;789003,5;5092189,2
"2";"Friuli2179";"PN";"FIUME VENETO";"14";;1,0;1,0;2,5;2,5;;1500,0;10,0;1;1,0;1;2;3;;5;;;1;5;"1";;"1";1,0;"20";3,0;;4;2;482,0;3;;;;;;;;;;787782,9;5092634,0
"2";"Friuli2236";"PN";"PASIANO DI PORDENONE";"14";;1,0;1,0;2,5;2,5;;9000,0;10,0;1;1,0;1;2;5;;8;;;1;5;"1";;"1";1,0;"20";3,0;;4;2;518,7;3;;;;;;;;;;780717,8;5085711,9
"2";"Friuli2241";"UD";"REMANZACCO";"14";;1,0;1,0;2,5;2,5;;9000,0;10,0;1;1,0;1;2;5;;8;;;1;5;"1";;"1";1,0;"20";3,0;;4;2;518,7;3;;;;;;;;;;831910,9;5112537,5
"2";"Friuli2246";"UD";"SAN DANIELE DEL FRIULI";"14";;1,0;1,0;2,5;2,5;;1350,0;10,0;1;1,0;1;2;3;;5;;;1;5;"1";;"1";1,0;"20";5,0;;4;2;540,8;3;;;;;;;;;;809066,9;5118551,9
"2";"Friuli2250";"PN";"SAN QUIRINO";"14";;1,0;1,0;2,5;2,5;;3450,0;10,0;1;1,0;1;2;3;;5;;;1;5;"1";;"1";1,0;"20";3,0;;4;2;482,0;3;;;;;;;;;;782567,6;5104126,0
"2";"Friuli2258";"GO";"VILLESSE";"14";;1,0;1,0;2,5;1,0;;225000,0;15,0;1;1,0;1;2;9;;10;;;1;5;"1";;"1";1,0;"20";3,0;;4;2;200,3;5;;;;;;;;;;845498,7;5089195,0
"2";"Friuli2259";"UD";"SAN GIOVANNI AL NATISONE";"14";;1,0;1,0;2,5;2,5;;75000,0;15,0;1;1,0;1;2;5;;8;;;1;5;"1";;"1";1,0;"20";3,0;;4;2;571,2;3;;;;;;;;;;840928,6;5098654,5
"2";"Friuli2275";"PN";"SAN VITO AL TAGLIAMENTO";"14";;1,0;1,0;2,5;2,5;;57045,0;15,0;1;1,0;1;2;5;;8;;;1;5;"1";;"1";1,0;"20";3,0;;4;2;571,2;3;;;;;;;;;;801344,6;5094804,8
"2";"Friuli2282";"UD";"TOLMEZZO";"14";;1,0;1,0;2,5;2,5;;75000,0;15,0;1;1,0;1;2;5;;8;;;1;5;"1";;"1";1,0;"20";3,0;;4;2;571,2;3;;;;;;;;;;809373,1;5145242,4
"2";"Friuli2283";"UD";"UDINE";"14";;1,0;1,0;2,5;2,5;;1500,0;10,0;1;1,0;1;2;3;;5;;;1;5;"1";;"1";1,0;"20";5,0;;4;2;540,8;3;;;;;;;;;;825867,0;5108450,4
"2";"Friuli2289";"PN";"PORDENONE";"14";;2,5;1,0;2,5;2,5;50;;5,0;1;1,0;1;2;3;;5;;;1;5;"1";;"1";1,0;"20";5,0;;4;2;214,6;5;;;;;;;;;;782250,6;5092678,4
"2";"Friuli232";"UD";"ZUGLIO";"14";;1,0;1,0;2,5;2,5;;1500,0;10,0;1;1,0;1;2;3;;5;;;1;5;"1";;"1";1,0;"20";3,0;;4;2;482,0;3;;;;;;;;;;809268,0;5152554,9
"2";"Friuli233";"GO";"CORMONS";"14";;1,0;1,0;2,5;2,5;;1500,0;10,0;1;1,0;1;2;3;;5;;;1;5;"1";;"1";1,0;"20";3,0;;4;2;482,0;3;;;;;;;;;;845762,3;5097418,6
"2";"Friuli234";"GO";"ROMANS D'ISONZO";"14";;2,5;1,0;2,5;2,5;50;;5,0;1;1,0;0;2;3;;5;;;1;5;"1";;"1";1,0;"20";5,0;;4;2;211,5;5;;;;;;;;;;844457,0;5091426,0
"2";"Friuli2352";"UD";"MARTIGNACCO";"14";;1,0;1,0;2,5;2,5;;7515,0;10,0;1;1,0;1;2;5;;8;;;1;5;"1";;"1";1,0;"20";3,0;;4;2;518,7;3;;;;;;;;;;820897,8;5112261,9
"2";"Friuli2372";"PN";"PORCIA";"14";;1,0;1,0;2,5;2,5;;1500,0;10,0;1;1,0;1;2;3;;5;;;1;5;"1";;"1";1,0;"20";5,0;;4;2;540,8;3;;;;;;;;;;778629,9;5097047,9
"2";"Friuli2432";"UD";"TAVAGNACCO";"14";;1,0;1,0;2,5;2,5;;3000,0;10,0;1;1,0;1;2;3;;5;;;1;5;"1";;"1";1,0;"20";5,0;;4;2;540,8;3;;;;;;;;;;826193,5;5114541,7
"2";"Friuli2490";"PN";"SESTO AL REGHENA";"14";;1,0;1,0;2,5;2,5;;2250,0;10,0;1;1,0;1;2;3;;5;;;1;5;"1";;"1";1,0;"20";5,0;;4;2;540,8;3;;;;;;;;;;800739,2;5087418,9
"2";"Friuli2511";"UD";"TAVAGNACCO";"14";;1,0;1,0;2,5;2,5;;1500,0;10,0;1;1,0;1;2;3;;5;;;1;5;"1";;"1";1,0;"20";5,0;;4;2;540,8;3;;;;;;;;;;825842,3;5113344,6
"2";"Friuli2567";"UD";"TAVAGNACCO";"14";;1,0;1,0;2,5;1,0;;22500,0;15,0;1;1,0;1;2;5;;8;;;1;5;"1";;"1";1,0;"20";5,0;;4;2;203,9;5;;;;;;;;;;827504,3;5112502,5
"2";"Friuli27";"UD";"SAN DANIELE DEL FRIULI";"14";;2,5;1,0;2,5;2,5;21;;5,0;1;1,0;0;2;3;;5;;;1;5;"1";;"1";1,0;"10";5,0;;4;2;180,0;5;;;;;;;;;;808835,9;5119030,2
"2";"Friuli273";"UD";"SAN GIORGIO DI NOGARO";"14";;1,0;1,0;2,5;2,5;;55303,5;15,0;1;1,0;1;2;5;;8;;;1;5;"1";;"1";1,0;"20";3,0;;4;2;571,2;3;;;;;;;;;;828427,2;5079998,1
"2";"Friuli2739";"UD";"CODROIPO";"13";;2,5;1,0;2,5;2,5;50;;5,0;1;1,0;1;2;3;;5;;;1;5;"1";;"1";1,0;"20";5,0;;4;2;214,6;5;;;;;;;;;;808211,2;5097483,7
"2";"Friuli2743";"PN";"FIUME VENETO";"14";;1,0;1,0;2,5;1,0;;27000,0;15,0;1;1,0;1;2;5;;8;;;1;5;"1";;"1";1,0;"20";3,0;;4;2;189,4;5;;;;;;;;;;787827,9;5092542,1
"2";"Friuli2744";"PN";"MORSANO AL TAGLIAMENTO";"14";;1,0;1,0;2,5;2,5;;22500,0;15,0;1;1,0;1;2;5;;8;;;1;5;"1";;"1";1,0;"20";3,0;;4;2;571,2;3;;;;;;;;;;803474,6;5085478,2
"2";"Friuli2770";"UD";"UDINE";"14";;1,0;1,0;2,5;2,5;;6000,0;10,0;1;1,0;1;2;3;;5;;;1;5;"1";;"1";1,0;"20";5,0;;4;2;540,8;3;;;;;;;;;;829500,3;5106244,3
"2";"Friuli2794";"UD";"CODROIPO";"14";;1,0;1,0;2,5;2,5;;7350,0;10,0;1;1,0;1;2;3;;5;;;1;5;"1";;"1";1,0;"20";3,0;;4;2;482,0;3;;;;;;;;;;809824,3;5097919,6
"2";"Friuli2799";"PN";"AVIANO";"14";;1,0;1,0;2,5;2,5;;1500,0;10,0;1;1,0;1;2;3;;5;;;1;5;"1";;"1";1,0;"20";3,0;;4;2;482,0;3;;;;;;;;;;778726,5;5107593,5
"2";"Friuli2800";"UD";"GEMONA DEL FRIULI";"13";;2,5;1,0;2,5;2,5;50;;5,0;1;1,0;0;2;3;;5;;;1;5;"1";;"3";1,0;"20";5,0;;4;2;216,0;5;;;;;;;;;;818946,6;5133210,1
"2";"Friuli2808";"PN";"FIUME VENETO";"14";;1,0;1,0;2,5;2,5;;27750,0;15,0;1;1,0;1;2;5;;8;;;1;5;"1";;"1";1,0;"20";3,0;;4;2;571,2;3;;;;;;;;;;787611,9;5092465,6
"2";"Friuli2854";"PN";"PORCIA";"14";;1,0;1,0;2,5;1,0;;9000,0;10,0;1;1,0;1;2;5;;8;;;1;5;"1";;"1";1,0;"20";3,0;;4;2;173,7;5;;;;;;;;;;780641,1;5098492,0
"2";"Friuli2856";"TS";"TRIESTE";"14";;1,0;1,0;2,5;2,5;;27000,0;15,0;1;1,0;1;2;5;;8;;;1;5;"1";;"1";1,0;"20";3,0;;4;2;571,2;3;;;;;;;;;;874800,2;5062804,4
"2";"Friuli2889";"UD";"PAGNACCO";"14";;1,0;1,0;2,5;2,5;;900,0;10,0;1;1,0;1;2;3;;5;;;1;5;"1";;"1";1,0;"20";5,0;;4;2;540,8;3;;;;;;;;;;823285,6;5116274,3
"2";"Friuli2898";"UD";"MUZZANA DEL TURGNANO";"14";;1,0;1,0;2,5;1,0;;17250,0;15,0;1;1,0;1;2;5;;8;;;1;5;"1";;"1";1,0;"20";5,0;;4;2;203,9;5;;;;;;;;;;821253,1;5082645,5
"2";"Friuli2907";"PN";"SAN VITO AL TAGLIAMENTO";"14";;2,5;1,0;2,5;2,5;4;;5,0;1;1,0;1;2;3;;5;;;1;5;"1";;"1";1,0;"10";5,0;;4;2;183,1;5;;;;;;;;;;799284,9;5091815,4
"2";"Friuli2962";"UD";"UDINE";"14";;1,0;1,0;2,5;2,5;;2295,0;10,0;1;1,0;1;2;3;;5;;;1;5;"1";;"1";1,0;"20";3,0;;4;2;482,0;3;;;;;;;;;;828963,1;5107693,5
"2";"Friuli2968";"TS";"TRIESTE";"14";;1,0;1,0;2,5;1,0;;2070,0;10,0;1;1,0;1;2;3;;5;;;1;5;"1";;"1";1,0;"20";5,0;;4;2;179,1;5;;;;;;;;;;872223,5;5065003,6
"2";"Friuli2972";"TS";"TRIESTE";"14";;1,0;1,0;2,5;2,5;;675,0;10,0;1;1,0;1;2;3;;5;;;1;5;"1";;"1";1,0;"20";5,0;;4;2;540,8;3;;;;;;;;;;872436,8;5069921,0
"2";"Friuli2985";"UD";"CIVIDALE DEL FRIULI";"14";;1,0;1,0;2,5;2,5;;240000,0;15,0;1;1,0;1;2;9;;10;;;1;5;"1";;"1";1,0;"20";3,0;;4;2;615,3;3;;;;;;;;;;841079,1;5113566,2
"2";"Friuli3004";"UD";"MORTEGLIANO";"14";;1,0;1,0;2,5;2,5;;1500,0;10,0;1;1,0;1;2;3;;5;;;1;5;"1";;"1";1,0;"20";5,0;;4;2;540,8;3;;;;;;;;;;824080,3;5096827,1
"2";"Friuli3026";"PN";"SESTO AL REGHENA";"14";;1,0;1,0;2,5;2,5;;38550,0;15,0;1;1,0;1;2;5;;8;;;1;5;"1";;"1";1,0;"20";5,0;;4;2;630,0;3;;;;;;;;;;801540,4;5087880,7
"2";"Friuli3028";"UD";"SAN DANIELE DEL FRIULI";"14";;1,0;1,0;2,5;2,5;;2250,0;10,0;1;1,0;1;2;3;;5;;;1;5;"1";;"1";1,0;"20";1,0;;2;2;408,5;3;;;;;;;;;;810332,3;5128849,8
"2";"Friuli3032";"PN";"PORCIA";"14";;1,0;1,0;2,5;2,5;;32400,0;15,0;1;1,0;1;2;5;;8;;;1;5;"1";;"1";1,0;"20";3,0;;4;2;571,2;3;;;;;;;;;;778566,3;5095923,3
"2";"Friuli3033";"PN";"ZOPPOLA";"14";;1,0;1,0;2,5;2,5;;7500,0;10,0;1;1,0;1;2;5;;8;;;1;5;"1";;"1";1,0;"20";3,0;;4;2;518,7;3;;;;;;;;;;790247,7;5095357,7
"2";"Friuli3040";"UD";"GEMONA DEL FRIULI";"14";;1,0;1,0;2,5;2,5;;9000,0;10,0;1;1,0;1;2;5;;8;;;1;5;"1";;"1";1,0;"20";3,0;;4;2;518,7;3;;;;;;;;;;817232,5;5132026,0
"2";"Friuli3046";"UD";"UDINE";"14";;2,5;1,0;2,5;2,5;50;;5,0;1;1,0;0;2;3;;5;;;1;30;"3";;"1";1,0;"5";5,0;;4;2;248,4;5;;;;;;;;;;827402,7;5110128,5
"2";"Friuli3076";"PN";"SAN VITO AL TAGLIAMENTO";"14";;1,0;1,0;2,5;2,5;;9930,0;10,0;1;1,0;1;2;5;;8;;;1;5;"1";;"1";1,0;"20";3,0;;4;2;518,7;3;;;;;;;;;;800555,2;5095197,9
"2";"Friuli3086";"PN";"SAN MARTINO AL TAGLIAMENTO";"12";;1,0;1,0;2,5;1,0;;1500,0;10,0;1;1,0;1;2;3;;5;;;1;5;"1";;"1";1,0;"20";5,0;;4;2;179,1;5;;;;;;;;;;800222,4;5103196,5
"2";"Friuli3088";"UD";"PREPOTTO";"12";;1,0;1,0;2,5;2,5;;5130,0;10,0;1;1,0;1;2;3;;5;;;1;5;"1";;"1";1,0;"20";3,0;;4;2;482,0;3;;;;;;;;;;845559,3;5105200,3
"2";"Friuli3089";"UD";"MANZANO";"12";;1,0;1,0;2,5;2,5;;900,0;10,0;1;1,0;1;2;3;;5;;;1;5;"1";;"1";1,0;"20";3,0;;4;2;482,0;3;;;;;;;;;;838273,6;5102114,9
"2";"Friuli3095";"PN";"SAN QUIRINO";"14";;1,0;1,0;2,5;2,5;;18450,0;15,0;1;1,0;1;2;5;;8;;;1;5;"1";;"1";1,0;"20";3,0;;4;2;571,2;3;;;;;;;;;;781115,2;5101050,3
"2";"Friuli3104";"UD";"CASSACCO";"12";;1,0;1,0;2,5;1,0;;18000,0;15,0;1;1,0;1;2;5;;8;;;1;5;"1";;"1";1,0;"20";5,0;;4;2;203,9;5;;;;;;;;;;823421,0;5121871,2
"2";"Friuli3106";"UD";"FIUMICELLO";"12";;1,0;1,0;2,5;2,5;;3360,0;10,0;1;1,0;1;2;3;;5;;;1;5;"1";;"1";1,0;"20";3,0;;4;2;482,0;3;;;;;;;;;;842804,8;5079764,5
"2";"Friuli3107";"GO";"GORIZIA";"14";;1,0;1,0;2,5;2,5;;10950,0;15,0;1;1,0;1;2;5;;8;;;1;5;"1";;"1";1,0;"20";5,0;;4;2;630,0;3;;;;;;;;;;857314,2;5097104,9
"2";"Friuli3113";"UD";"PALUZZA";"14";;1,0;1,0;2,5;2,5;;720,0;10,0;1;1,0;1;2;3;;5;;;1;5;"1";;"1";1,0;"20";1,0;;2;2;408,5;3;;;;;;;;;;807344,3;5164004,8
"2";"Friuli3114";"PN";"CORDENONS";"14";;1,0;1,0;2,5;2,5;;7950,0;10,0;1;1,0;1;2;5;;8;;;1;5;"1";;"1";1,0;"20";3,0;;4;2;518,7;3;;;;;;;;;;783368,3;5100353,5
"2";"Friuli3138";"UD";"MARTIGNACCO";"14";;1,0;1,0;2,5;2,5;;1500,0;10,0;1;1,0;1;2;3;;5;;;1;5;"1";;"1";1,0;"20";3,0;;4;2;482,0;3;;;;;;;;;;822418,2;5111802,7
"2";"Friuli3154";"UD";"FORGARIA NEL FRIULI";"14";;1,0;1,0;2,5;2,5;;10500,0;15,0;1;1,0;1;2;5;;8;;;1;5;"1";;"1";1,0;"20";5,0;;4;2;630,0;3;;;;;;;;;;805855,6;5126745,9
"2";"Friuli3161";"GO";"VILLESSE";"14";;1,0;1,0;2,5;2,5;;40740,0;15,0;1;1,0;1;2;5;;8;;;1;5;"1";;"1";1,0;"20";3,0;;4;2;571,2;3;;;;;;;;;;844644,1;5088809,3
"2";"Friuli3164";"PN";"CORDENONS";"14";;1,0;1,0;2,5;2,5;;37500,0;15,0;1;1,0;1;2;5;;8;;;1;5;"1";;"1";1,0;"20";5,0;;4;2;630,0;3;;;;;;;;;;785700,8;5099509,1
"2";"Friuli3194";"UD";"TAVAGNACCO";"14";;1,0;1,0;2,5;2,5;;32850,0;15,0;1;1,0;1;2;5;;8;;;1;5;"1";;"1";1,0;"20";5,0;;4;2;630,0;3;;;;;;;;;;826569,3;5114218,8
"2";"Friuli3196";"PN";"CORDENONS";"14";;1,0;1,0;2,5;2,5;;60000,0;15,0;1;1,0;1;2;5;;8;;;1;5;"1";;"1";1,0;"20";5,0;;4;2;630,0;3;;;;;;;;;;786888,9;5100092,4
"2";"Friuli320";"PN";"SAN VITO AL TAGLIAMENTO";"14";;1,0;1,0;2,5;2,5;;10050,0;15,0;1;1,0;1;2;5;;8;;;1;5;"1";;"1";1,0;"20";3,0;;4;2;571,2;3;;;;;;;;;;798647,2;5091142,1
"2";"Friuli3210";"UD";"FAGAGNA";"14";;1,0;1,0;2,5;2,5;;5700,0;10,0;1;1,0;1;2;3;;5;;;1;5;"1";;"1";1,0;"20";5,0;;4;2;540,8;3;;;;;;;;;;815981,8;5114480,9
"2";"Friuli3218";"UD";"CIVIDALE DEL FRIULI";"14";;1,0;1,0;2,5;2,5;;45000,0;15,0;1;1,0;1;2;5;;8;;;1;5;"1";;"1";1,0;"20";3,0;;4;2;571,2;3;;;;;;;;;;839897,4;5113313,2
"2";"Friuli3231";"GO";"ROMANS D'ISONZO";"14";;1,0;1,0;2,5;2,5;;5100,0;10,0;1;1,0;1;2;3;;5;;;1;5;"1";;"1";1,0;"20";1,0;;2;2;408,5;3;;;;;;;;;;841917,2;5091817,0
"2";"Friuli3237";"UD";"SAN DANIELE DEL FRIULI";"13";;2,5;1,0;2,5;2,5;8;;5,0;1;1,0;1;2;3;;5;;;1;5;"1";;"1";1,0;"10";5,0;;4;2;183,1;5;;;;;;;;;;809858,4;5118849,7
"2";"Friuli3247";"PN";"SESTO AL REGHENA";"12";;1,0;1,0;2,5;2,5;;17850,0;15,0;1;1,0;1;2;5;;8;;;1;5;"1";;"1";1,0;"20";5,0;;4;2;630,0;3;;;;;;;;;;801485,4;5087904,7
"2";"Friuli3250";"UD";"ARTEGNA";"14";;1,0;1,0;2,5;2,5;;3555,0;10,0;1;1,0;1;2;3;;5;;;1;5;"1";;"1";1,0;"20";5,0;;4;2;540,8;3;;;;;;;;;;819872,7;5129481,8
"2";"Friuli3251";"PN";"SAN GIORGIO DELLA RICHINVELDA";"12";;1,0;1,0;2,5;2,5;;31500,0;15,0;1;1,0;1;2;5;;8;;;1;5;"1";;"1";1,0;"20";5,0;;4;2;630,0;3;;;;;;;;;;795743,4;5103993,3
"2";"Friuli3265";"UD";"POVOLETTO";"14";;1,0;1,0;2,5;2,5;;15000,0;15,0;1;1,0;1;2;5;;8;;;1;5;"1";;"1";1,0;"20";3,0;;4;2;571,2;3;;;;;;;;;;831852,1;5113593,3
"2";"Friuli3267";"UD";"RIVIGNANO";"14";;1,0;1,0;2,5;2,5;;64125,0;15,0;1;1,0;1;2;5;;8;;;1;5;"1";;"1";1,0;"20";3,0;;4;2;571,2;3;;;;;;;;;;815372,7;5089058,4
"2";"Friuli3269";"TS";"DUINO-AURISINA";"14";;2,5;1,0;2,5;2,5;152324;;15,0;1;1,0;0;2;3;;5;;;1;30;"1";;"1";1,0;"10";3,0;;4;2;278,5;5;;;;;;;;;;856126,4;5081279,0
"2";"Friuli3270";"PN";"ROVEREDO IN PIANO";"14";;1,0;1,0;2,5;2,5;;22500,0;15,0;1;1,0;1;2;5;;8;;;1;5;"1";;"1";1,0;"20";3,0;;4;2;571,2;3;;;;;;;;;;779904,9;5099033,4
"2";"Friuli3272";"UD";"SAN GIOVANNI AL NATISONE";"14";;1,0;1,0;2,5;2,5;;17250,0;15,0;1;1,0;1;2;5;;8;;;1;5;"1";;"1";1,0;"20";3,0;;4;2;571,2;3;;;;;;;;;;840788,1;5098838,6
"2";"Friuli3279";"UD";"BUTTRIO";"14";;1,0;1,0;2,5;2,5;;945,0;10,0;1;1,0;1;2;3;;5;;;1;5;"1";;"1";1,0;"20";5,0;;4;2;540,8;3;;;;;;;;;;835722,4;5104468,4
"2";"Friuli3285";"UD";"REANA DEL ROIALE";"14";;1,0;1,0;2,5;2,5;;900,0;10,0;1;1,0;1;2;3;;5;;;1;5;"1";;"1";1,0;"20";3,0;;4;2;482,0;3;;;;;;;;;;827064,6;5122063,8
"2";"Friuli3295";"UD";"POZZUOLO DEL FRIULI";"14";;1,0;1,0;2,5;2,5;;5760,0;10,0;1;1,0;1;2;3;;5;;;1;5;"1";;"1";1,0;"20";5,0;;4;2;540,8;3;;;;;;;;;;827668,3;5102825,1
"2";"Friuli3312";"TS";"TRIESTE";"14";;1,0;1,0;2,5;2,5;;180,0;5,0;1;1,0;1;2;3;;5;;;1;5;"1";;"1";1,0;"20";5,0;;4;2;488,3;3;;;;;;;;;;872578,9;5066557,0
"2";"Friuli3329";"GO";"MONFALCONE";"14";;1,0;1,0;2,5;2,5;;24000,0;15,0;1;1,0;1;2;5;;8;;;1;5;"1";;"1";1,0;"20";3,0;;4;2;571,2;3;;;;;;;;;;851410,4;5081496,4
"2";"Friuli3330";"UD";"POVOLETTO";"14";;1,0;1,0;2,5;2,5;;133500,0;15,0;1;1,0;1;2;9;;10;;;1;5;"1";;"1";1,0;"20";3,0;;4;2;615,3;3;;;;;;;;;;832716,4;5117058,2
"2";"Friuli3345";"UD";"CORNO DI ROSAZZO";"14";;1,0;1,0;2,5;1,0;50;;10,0;1;1,0;1;2;3;;5;;;1;5;"1";;"1";1,0;"20";5,0;;4;2;179,1;5;;;;;;;;;;844090,2;5103206,6
"2";"Friuli3347";"UD";"UDINE";"14";;1,0;1,0;2,5;2,5;;1500,0;10,0;1;1,0;1;2;3;;5;;;1;5;"1";;"1";1,0;"20";3,0;;4;2;482,0;3;;;;;;;;;;829159,4;5107766,6
"2";"Friuli3363";"PN";"SPILIMBERGO";"14";;1,0;1,0;2,5;2,5;;12000,0;15,0;1;1,0;1;2;5;;8;;;1;5;"1";;"1";1,0;"20";3,0;;4;2;571,2;3;;;;;;;;;;800184,7;5116198,4
"2";"Friuli3366";"PN";"SPILIMBERGO";"14";;1,0;1,0;2,5;2,5;;27930,0;15,0;1;1,0;1;2;5;;8;;;1;5;"1";;"1";1,0;"20";5,0;;4;2;630,0;3;;;;;;;;;;801755,9;5113047,5
"2";"Friuli3368";"UD";"BASILIANO";"14";;1,0;1,0;2,5;2,5;;195000,0;15,0;1;1,0;1;2;9;;10;;;1;5;"1";;"1";1,0;"20";3,0;;4;2;615,3;3;;;;;;;;;;820221,7;5104085,7
"2";"Friuli3383";"UD";"FIUMICELLO";"14";;1,0;1,0;2,5;2,5;;143550,0;15,0;1;1,0;1;2;9;;10;;;1;5;"1";;"1";1,0;"20";3,0;;4;2;615,3;3;;;;;;;;;;842708,7;5081976,2
"2";"Friuli3391";"GO";"GORIZIA";"14";;1,0;1,0;2,5;2,5;;1500,0;10,0;1;1,0;1;2;3;;5;;;1;5;"1";;"1";1,0;"20";5,0;;4;2;540,8;3;;;;;;;;;;856574,3;5098525,3
"2";"Friuli3413";"UD";"LATISANA";"14";;1,0;1,0;2,5;2,5;;3000,0;10,0;1;1,0;1;2;3;;5;;;1;5;"1";;"1";1,0;"20";5,0;;4;2;540,8;3;;;;;;;;;;811899,0;5078631,1
"2";"Friuli3416";"UD";"BUIA";"14";;1,0;1,0;2,5;2,5;;1350,0;10,0;1;1,0;1;2;3;;5;;;1;5;"1";;"1";1,0;"20";5,0;;4;2;540,8;3;;;;;;;;;;819142,2;5126366,6
"2";"Friuli3436";"UD";"BUTTRIO";"14";;1,0;1,0;2,5;2,5;;12750,0;15,0;1;1,0;1;2;5;;8;;;1;5;"1";;"1";1,0;"20";3,0;;4;2;571,2;3;;;;;;;;;;834978,6;5103934,3
"2";"Friuli344";"UD";"ATTIMIS";"14";;2,5;1,0;2,5;2,5;4;;5,0;1;1,0;1;2;3;;5;;;1;5;"1";;"1";1,0;"20";5,0;;4;2;214,6;5;;;;;;;;;;832422,7;5124144,2
"2";"Friuli3442";"PN";"PORDENONE";"14";;1,0;1,0;2,5;2,5;;19500,0;15,0;1;1,0;1;2;5;;8;;;1;5;"1";;"1";1,0;"20";5,0;;4;2;630,0;3;;;;;;;;;;783957,5;5097425,8
"2";"Friuli3453";"UD";"TALMASSONS";"14";;1,0;1,0;2,5;2,5;;4950,0;10,0;1;1,0;1;2;3;;5;;;1;5;"1";;"1";1,0;"20";3,0;;4;2;482,0;3;;;;;;;;;;821915,6;5094409,1
"2";"Friuli3455";"PN";"CANEVA";"14";;1,0;1,0;2,5;2,5;;49500,0;15,0;1;1,0;1;2;5;;8;;;1;5;"1";;"1";1,0;"20";5,0;;4;2;630,0;3;;;;;;;;;;767800,3;5096742,3
"2";"Friuli3461";"PN";"MANIAGO";"14";;1,0;1,0;2,5;1,0;;3000,0;10,0;1;1,0;1;2;3;;5;;;1;5;"1";;"1";1,0;"20";5,0;;4;2;179,1;5;;;;;;;;;;785064,9;5119161,7
"2";"Friuli3476";"UD";"PREMARIACCO";"14";;1,0;1,0;2,5;2,5;;975,0;10,0;1;1,0;1;2;3;;5;;;1;5;"1";;"1";1,0;"20";5,0;;4;2;540,8;3;;;;;;;;;;839093,9;5108070,5
"2";"Friuli3482";"UD";"CODROIPO";"14";;1,0;1,0;2,5;2,5;;14175,0;15,0;1;1,0;1;2;5;;8;;;1;5;"1";;"1";1,0;"20";3,0;;4;2;571,2;3;;;;;;;;;;808464,4;5099222,1
"2";"Friuli3488";"UD";"MERETO DI TOMBA";"14";;1,0;1,0;2,5;1,0;;31500,0;15,0;1;1,0;1;2;5;;8;;;1;5;"1";;"1";1,0;"20";3,0;;4;2;189,4;5;;;;;;;;;;813679,0;5105839,0
"2";"Friuli3495";"UD";"SANTA MARIA LA LONGA";"14";;1,0;1,0;2,5;2,5;;7950,0;10,0;1;1,0;1;2;5;;8;;;1;5;"1";;"1";1,0;"20";3,0;;4;2;518,7;3;;;;;;;;;;832927,9;5093990,8
"2";"Friuli3498";"UD";"POVOLETTO";"14";;1,0;1,0;2,5;2,5;;600,0;10,0;1;1,0;1;2;3;;5;;;1;5;"1";;"1";1,0;"20";3,0;;4;2;482,0;3;;;;;;;;;;831902,6;5118033,7
"2";"Friuli3502";"PN";"SAN GIORGIO DELLA RICHINVELDA";"14";;1,0;1,0;2,5;2,5;;12525,0;15,0;1;1,0;1;2;5;;8;;;1;5;"1";;"1";1,0;"20";5,0;;4;2;630,0;3;;;;;;;;;;800947,3;5107017,8
"2";"Friuli3507";"UD";"CODROIPO";"14";;1,0;1,0;2,5;2,5;;1500,0;10,0;1;1,0;1;2;3;;5;;;1;5;"1";;"1";1,0;"20";3,0;;4;2;482,0;3;;;;;;;;;;807536,7;5098082,2
"2";"Friuli3517";"UD";"AIELLO DEL FRIULI";"14";;1,0;1,0;2,5;2,5;;645,0;10,0;1;1,0;1;2;3;;5;;;1;5;"1";;"1";1,0;"20";5,0;;4;2;540,8;3;;;;;;;;;;838275,9;5089373,8
"2";"Friuli3527";"PN";"SAN GIORGIO DELLA RICHINVELDA";"14";;1,0;1,0;2,5;1,0;;22500,0;15,0;1;1,0;1;2;5;;8;;;1;5;"1";;"1";1,0;"20";5,0;;4;2;203,9;5;;;;;;;;;;800074,4;5109232,0
"2";"Friuli3528";"PN";"PRATA DI PORDENONE";"14";;1,0;1,0;2,5;1,0;;96990,0;15,0;1;1,0;1;2;9;;10;;;1;5;"1";;"1";1,0;"20";3,0;;4;2;200,3;5;;;;;;;;;;776005,0;5084473,0
"2";"Friuli3539";"UD";"BUIA";"14";;1,0;1,0;2,5;2,5;;75000,0;15,0;1;1,0;1;2;5;;8;;;1;5;"1";;"1";1,0;"20";5,0;;4;2;630,0;3;;;;;;;;;;816356,9;5126190,7
"2";"Friuli3544";"PN";"PORDENONE";"14";;2,5;1,0;2,5;1,0;50;;5,0;10;1,0;1;2;3;;10;;;1;5;"1";;"1";1,0;"10";3,0;;4;2;448,8;2;;;;;;;;;;783128,8;5094033,0
"2";"Friuli3551";"UD";"PREMARIACCO";"14";;1,0;1,0;2,5;2,5;;18000,0;15,0;1;1,0;1;2;5;;8;;;1;5;"1";;"1";1,0;"20";3,0;;4;2;571,2;3;;;;;;;;;;839056,6;5108298,6
"2";"Friuli3558";"UD";"MAJANO";"14";;1,0;1,0;2,5;2,5;;2587,5;10,0;1;1,0;1;2;3;;5;;;1;5;"1";;"1";1,0;"20";3,0;;4;2;482,0;3;;;;;;;;;;814939,3;5122298,9
"2";"Friuli3562";"GO";"ROMANS D'ISONZO";"14";;1,0;1,0;2,5;2,5;;49200,0;15,0;1;1,0;1;2;5;;8;;;1;5;"1";;"1";1,0;"20";3,0;;4;2;571,2;3;;;;;;;;;;844249,9;5091109,1
"2";"Friuli3571";"GO";"CAPRIVA DEL FRIULI";"14";;1,0;1,0;2,5;2,5;;5400,0;10,0;1;1,0;1;2;3;;5;;;1;5;"1";;"1";1,0;"20";5,0;;4;2;540,8;3;;;;;;;;;;849477,3;5097156,5
"2";"Friuli3572";"UD";"POZZUOLO DEL FRIULI";"14";;1,0;1,0;2,5;2,5;;1500,0;10,0;1;1,0;1;2;3;;5;;;1;5;"1";;"1";1,0;"20";5,0;;4;2;540,8;3;;;;;;;;;;825520,3;5104496,0
"2";"Friuli3584";"PN";"PASIANO DI PORDENONE";"14";;1,0;1,0;2,5;2,5;;2880,0;10,0;1;1,0;1;2;3;;5;;;1;5;"1";;"1";1,0;"20";5,0;;4;2;540,8;3;;;;;;;;;;780083,8;5089411,7
"2";"Friuli3588";"UD";"CIVIDALE DEL FRIULI";"14";;1,0;1,0;2,5;2,5;;14310,0;15,0;1;1,0;1;2;5;;8;;;1;5;"1";;"1";1,0;"20";3,0;;4;2;571,2;3;;;;;;;;;;839802,1;5112780,9
"2";"Friuli3592";"PN";"PASIANO DI PORDENONE";"14";;1,0;1,0;2,5;2,5;;82260,0;15,0;1;1,0;1;2;9;;10;;;1;5;"1";;"1";1,0;"20";3,0;;4;2;615,3;3;;;;;;;;;;781831,0;5084918,8
"2";"Friuli3602";"PN";"FIUME VENETO";"14";;1,0;1,0;2,5;2,5;;17700,0;15,0;1;1,0;1;2;5;;8;;;1;5;"1";;"1";1,0;"20";3,0;;4;2;571,2;3;;;;;;;;;;787680,1;5092466,7
"2";"Friuli3603";"UD";"REANA DEL ROIALE";"14";;1,0;1,0;2,5;2,5;;196395,0;15,0;1;1,0;1;2;9;;10;;;1;5;"1";;"1";1,0;"20";3,0;;4;2;615,3;3;;;;;;;;;;826335,8;5118538,0
"2";"Friuli3604";"PN";"SPILIMBERGO";"14";;1,0;1,0;2,5;2,5;;33000,0;15,0;1;1,0;1;2;5;;8;;;1;5;"1";;"1";1,0;"20";3,0;;4;2;571,2;3;;;;;;;;;;800238,6;5114332,8
"2";"Friuli3619";"GO";"MONFALCONE";"14";;1,0;1,0;2,5;2,5;;35850,0;15,0;1;1,0;1;2;5;;8;;;1;5;"1";;"1";1,0;"20";3,0;;4;2;571,2;3;;;;;;;;;;851237,6;5081523,6
"2";"Friuli3621";"UD";"CERVIGNANO DEL FRIULI";"14";;1,0;1,0;2,5;2,5;;17700,0;15,0;1;1,0;1;2;5;;8;;;1;5;"1";;"1";1,0;"20";3,0;;4;2;571,2;3;;;;;;;;;;838711,4;5082257,8
"2";"Friuli3652";"UD";"REMANZACCO";"14";;1,0;1,0;2,5;2,5;;82500,0;15,0;1;1,0;1;2;9;;10;;;1;5;"1";;"1";1,0;"20";3,0;;4;2;615,3;3;;;;;;;;;;832951,7;5111600,2
"2";"Friuli3669";"UD";"OSOPPO";"14";;1,0;1,0;2,5;2,5;;128250,0;15,0;1;1,0;1;2;9;;10;;;1;5;"1";;"1";1,0;"20";3,0;;4;2;615,3;3;;;;;;;;;;814316,1;5127701,3
"2";"Friuli3670";"UD";"POVOLETTO";"14";;1,0;1,0;2,5;2,5;;30000,0;15,0;1;1,0;1;2;5;;8;;;1;5;"1";;"1";1,0;"20";3,0;;4;2;571,2;3;;;;;;;;;;831876,4;5113313,0
"2";"Friuli3676";"UD";"SAN GIORGIO DI NOGARO";"14";;1,0;1,0;2,5;2,5;;57750,0;15,0;1;1,0;1;2;5;;8;;;1;5;"1";;"1";1,0;"20";3,0;;4;2;571,2;3;;;;;;;;;;827935,1;5080547,4
"2";"Friuli3692";"GO";"GORIZIA";"14";;1,0;1,0;2,5;2,5;;24000,0;15,0;1;1,0;1;2;5;;8;;;1;5;"1";;"1";1,0;"20";3,0;;4;2;571,2;3;;;;;;;;;;856354,5;5095315,3
"2";"Friuli3693";"UD";"MOIMACCO";"14";;1,0;1,0;2,5;2,5;;10500,0;15,0;1;1,0;1;2;5;;8;;;1;5;"1";;"1";1,0;"20";3,0;;4;2;571,2;3;;;;;;;;;;837675,8;5112764,6
"2";"Friuli3694";"PN";"ROVEREDO IN PIANO";"14";;1,0;1,0;2,5;1,0;;165000,0;15,0;1;1,0;1;2;9;;10;;;1;5;"1";;"1";1,0;"20";3,0;;4;2;200,3;5;;;;;;;;;;780678,6;5099457,0
"2";"Friuli3695";"UD";"PAVIA DI UDINE";"14";;1,0;1,0;2,5;2,5;;90000,0;15,0;1;1,0;1;2;9;;10;;;1;5;"1";;"1";1,0;"20";3,0;;4;2;615,3;3;;;;;;;;;;830975,1;5102708,3
"2";"Friuli3697";"PN";"FONTANAFREDDA";"14";;1,0;1,0;2,5;1,0;;20250,0;15,0;1;1,0;1;2;5;;8;;;1;5;"1";;"1";1,0;"20";3,0;;4;2;189,4;5;;;;;;;;;;777862,5;5099186,3
"2";"Friuli3707";"GO";"CORMONS";"14";;1,0;1,0;2,5;2,5;;13500,0;15,0;1;1,0;1;2;5;;8;;;1;5;"1";;"1";1,0;"20";5,0;;4;2;630,0;3;;;;;;;;;;845600,2;5098500,8
"2";"Friuli3709";"UD";"REMANZACCO";"14";;2,5;1,0;2,5;1,0;50;;5,0;10;1,0;1;2;3;;10;;;1;5;"1";;"1";1,0;"10";3,0;;4;2;448,8;2;;;;;;;;;;833204,3;5110967,7
"2";"Friuli3729";"UD";"SAN PIETRO AL NATISONE";"14";;2,5;1,0;2,5;2,5;400;;5,0;1;1,0;1;2;5;;5;;;1;5;"1";;"3";1,0;"20";3,0;;4;2;202,1;5;;;;;;;;;;846521,8;5116587,6
"2";"Friuli3732";"UD";"SAN GIORGIO DI NOGARO";"14";;1,0;1,0;2,5;2,5;;39045,0;15,0;1;1,0;1;2;5;;8;;;1;5;"1";;"1";1,0;"20";3,0;;4;2;571,2;3;;;;;;;;;;827425,6;5081207,8
"2";"Friuli3744";"UD";"PREMARIACCO";"14";;1,0;1,0;2,5;2,5;;7500,0;10,0;1;1,0;1;2;5;;8;;;1;5;"1";;"1";1,0;"20";5,0;;4;2;577,5;3;;;;;;;;;;839971,1;5110505,4
"2";"Friuli3745";"PN";"PRATA DI PORDENONE";"14";;1,0;1,0;2,5;2,5;;25500,0;15,0;1;1,0;1;2;5;;8;;;1;5;"1";;"1";1,0;"20";3,0;;4;2;571,2;3;;;;;;;;;;777702,7;5087801,5
"2";"Friuli3756";"GO";"GRADISCA D'ISONZO";"14";;1,0;1,0;2,5;1,0;;73500,0;15,0;1;1,0;1;2;5;;8;;;1;5;"1";;"1";1,0;"20";3,0;;4;2;189,4;5;;;;;;;;;;847189,8;5090738,2
"2";"Friuli3758";"UD";"CERVIGNANO DEL FRIULI";"14";;1,0;1,0;2,5;2,5;;45000,0;15,0;1;1,0;1;2;5;;8;;;1;5;"1";;"1";1,0;"20";3,0;;4;2;571,2;3;;;;;;;;;;835595,9;5082565,5
"2";"Friuli3771";"UD";"POZZUOLO DEL FRIULI";"14";;1,0;1,0;2,5;2,5;;2250,0;10,0;1;1,0;1;2;3;;5;;;1;5;"1";;"1";1,0;"20";3,0;;4;2;482,0;3;;;;;;;;;;823110,2;5102724,8
"2";"Friuli3774";"GO";"GORIZIA";"14";;1,0;1,0;2,5;1,0;;76500,0;15,0;1;1,0;1;2;9;;10;;;1;5;"1";;"1";1,0;"20";3,0;;4;2;200,3;5;;;;;;;;;;856841,3;5094719,3
"2";"Friuli3795";"PN";"SAN MARTINO AL TAGLIAMENTO";"14";;1,0;1,0;2,5;2,5;;44550,0;15,0;1;1,0;1;2;5;;8;;;1;5;"1";;"1";1,0;"20";3,0;;4;2;571,2;3;;;;;;;;;;799790,1;5102541,7
"2";"Friuli3816";"PN";"PRAVISDOMINI";"14";;1,0;1,0;2,5;2,5;;29250,0;15,0;1;1,0;1;2;5;;8;;;1;5;"1";;"1";1,0;"20";3,0;;4;2;571,2;3;;;;;;;;;;786155,0;5079476,8
"2";"Friuli383";"PN";"PORCIA";"14";;1,0;1,0;2,5;2,5;;1500,0;10,0;1;1,0;1;2;3;;5;;;1;5;"1";;"1";1,0;"20";5,0;;4;2;540,8;3;;;;;;;;;;780893,9;5095807,0
"2";"Friuli3838";"GO";"SAGRADO";"14";;1,0;1,0;2,5;2,5;;106500,0;15,0;1;1,0;1;2;9;;10;;;1;5;"1";;"1";1,0;"20";3,0;;4;2;615,3;3;;;;;;;;;;848189,5;5089598,5
"2";"Friuli3871";"UD";"SAN PIETRO AL NATISONE";"14";;1,0;1,0;2,5;2,5;;11250,0;15,0;1;1,0;1;2;5;;8;;;1;5;"1";;"1";1,0;"20";5,0;;4;2;630,0;3;;;;;;;;;;846384,0;5117771,1
"2";"Friuli3883";"UD";"TOLMEZZO";"14";;1,0;1,0;2,5;1,0;;3228,8;10,0;1;1,0;1;2;3;;5;;;1;5;"1";;"1";1,0;"20";3,0;;4;2;164,7;5;;;;;;;;;;809232,4;5145918,3
"2";"Friuli3885";"UD";"SANTA MARIA LA LONGA";"14";;1,0;1,0;2,5;2,5;;59250,0;15,0;1;1,0;1;2;5;;8;;;1;5;"1";;"1";1,0;"20";3,0;;4;2;571,2;3;;;;;;;;;;831025,8;5100640,0
"2";"Friuli3889";"UD";"SAN DANIELE DEL FRIULI";"14";;1,0;1,0;2,5;2,5;;1650,0;10,0;1;1,0;1;2;3;;5;;;1;5;"1";;"1";1,0;"20";3,0;;4;2;482,0;3;;;;;;;;;;817984,4;5119349,4
"2";"Friuli3892";"UD";"BUIA";"14";;1,0;1,0;2,5;2,5;;15000,0;15,0;1;1,0;1;2;5;;8;;;1;5;"1";;"1";1,0;"20";3,0;;4;2;571,2;3;;;;;;;;;;819479,3;5125681,4
"2";"Friuli3942";"UD";"FAEDIS";"14";;1,0;1,0;2,5;2,5;;8100,0;10,0;1;1,0;1;2;5;;8;;;1;5;"1";;"1";1,0;"20";5,0;;4;2;577,5;3;;;;;;;;;;836488,2;5117591,6
"2";"Friuli3952";"PN";"MANIAGO";"14";;1,0;1,0;2,5;2,5;;127500,0;15,0;1;1,0;1;2;9;;10;;;1;5;"1";;"1";1,0;"20";3,0;;4;2;615,3;3;;;;;;;;;;787673,8;5117996,4
"2";"Friuli3968";"PN";"PASIANO DI PORDENONE";"14";;1,0;1,0;2,5;2,5;;189000,0;15,0;1;1,0;1;2;9;;10;;;1;5;"1";;"1";1,0;"20";3,0;;4;2;615,3;3;;;;;;;;;;781326,9;5085391,6
"2";"Friuli3987";"GO";"GORIZIA";"14";;1,0;1,0;2,5;2,5;;22950,0;15,0;1;1,0;1;2;5;;8;;;1;5;"1";;"1";1,0;"20";5,0;;4;2;630,0;3;;;;;;;;;;856860,1;5097532,6
"2";"Friuli3988";"TS";"TRIESTE";"14";;1,0;1,0;2,5;2,5;;30,0;5,0;1;1,0;1;2;3;;5;;;1;5;"1";;"1";1,0;"20";5,0;;4;2;488,3;3;;;;;;;;;;871572,3;5067656,5
"2";"Friuli4001";"GO";"CAPRIVA DEL FRIULI";"14";;1,0;1,0;2,5;2,5;;20490,0;15,0;1;1,0;1;2;5;;8;;;1;5;"1";;"1";1,0;"20";5,0;;4;2;630,0;3;;;;;;;;;;850510,1;5097043,6
"2";"Friuli4004";"UD";"UDINE";"14";;2,5;1,0;2,5;1,0;50;;5,0;10;1,0;1;2;3;;10;;;1;5;"1";;"1";1,0;"10";5,0;;4;2;487,2;2;;;;;;;;;;828683,8;5110618,9
"2";"Friuli4011";"GO";"CORMONS";"14";;1,0;1,0;2,5;2,5;;1500,0;10,0;1;1,0;1;2;3;;5;;;1;5;"1";;"1";1,0;"20";5,0;;4;2;540,8;3;;;;;;;;;;845944,4;5099129,3
"2";"Friuli4015";"PN";"CASARSA DELLA DELIZIA";"14";;1,0;1,0;2,5;2,5;;4500,0;10,0;1;1,0;1;2;3;;5;;;1;5;"1";;"1";1,0;"20";5,0;;4;2;540,8;3;;;;;;;;;;797518,7;5096922,8
"2";"Friuli4032";"UD";"SAN LEONARDO";"14";;1,0;1,0;2,5;2,5;;1500,0;10,0;1;1,0;1;2;3;;5;;;1;5;"1";;"1";1,0;"20";3,0;;4;2;482,0;3;;;;;;;;;;848110,7;5116835,4
"2";"Friuli4061";"GO";"DOLEGNA DEL COLLIO";"14";;1,0;1,0;2,5;2,5;;20250,0;15,0;1;1,0;1;2;5;;8;;;1;5;"1";;"1";1,0;"20";1,0;;2;2;497,7;3;;;;;;;;;;846963,7;5102998,8
"2";"Friuli4078";"UD";"TARCENTO";"13";;2,5;1,0;2,5;1,0;50;;5,0;10;1,0;1;2;3;;10;;;1;5;"1";;"1";1,0;"10";5,0;;4;2;487,2;2;;;;;;;;;;825595,0;5126699,0
"2";"Friuli4113";"PN";"FONTANAFREDDA";"14";;1,0;1,0;2,5;2,5;;240300,0;15,0;1;1,0;1;2;9;;10;;;1;5;"1";;"1";1,0;"20";5,0;;4;2;674,1;3;;;;;;;;;;774349,4;5099352,5
"2";"Friuli4120";"UD";"SAN DANIELE DEL FRIULI";"14";;1,0;1,0;2,5;2,5;;28500,0;15,0;1;1,0;1;2;5;;8;;;1;5;"1";;"1";1,0;"20";3,0;;4;2;571,2;3;;;;;;;;;;810831,8;5119833,8
"2";"Friuli4135";"PN";"SEQUALS";"14";;1,0;1,0;2,5;2,5;;1500,0;10,0;1;1,0;1;2;3;;5;;;1;5;"1";;"1";1,0;"20";1,0;;2;2;408,5;3;;;;;;;;;;795417,1;5117121,3
"2";"Friuli4137";"UD";"TALMASSONS";"14";;1,0;1,0;2,5;1,0;50;;10,0;1;1,0;1;2;3;;5;;;1;5;"1";;"1";1,0;"20";5,0;;4;2;179,1;5;;;;;;;;;;820830,5;5093530,2
"2";"Friuli4182";"GO";"SAN LORENZO ISONTINO";"14";;1,0;1,0;2,5;2,5;;1500,0;10,0;1;1,0;1;2;3;;5;;;1;5;"1";;"1";1,0;"20";5,0;;4;2;540,8;3;;;;;;;;;;851029,1;5095887,8
"2";"Friuli4186";"PN";"PRATA DI PORDENONE";"14";;1,0;1,0;2,5;2,5;;10500,0;15,0;1;1,0;1;2;5;;8;;;1;5;"1";;"1";1,0;"20";3,0;;4;2;571,2;3;;;;;;;;;;778076,8;5088070,4
"2";"Friuli4213";"UD";"CASSACCO";"14";;1,0;1,0;2,5;2,5;;10500,0;15,0;1;1,0;1;2;5;;8;;;1;5;"1";;"1";1,0;"20";5,0;;4;2;630,0;3;;;;;;;;;;823335,7;5122215,1
"2";"Friuli4248";"TS";"TRIESTE";"13";;2,5;1,0;2,5;2,5;50;;5,0;1;1,0;1;2;3;;5;;;1;5;"1";;"1";1,0;"5";5,0;;4;2;167,4;5;;;;;;;;;;872107,2;5066551,7
"2";"Friuli4252";"PN";"FONTANAFREDDA";"13";;2,5;1,0;2,5;1,0;117;;5,0;10;3,0;1;2;3;;5;;;1;5;"3";;"1";1,0;"5";5,0;;4;2;363,0;4;;;;;;;;;;774706,9;5099108,6
"2";"Friuli4258";"UD";"TORREANO";"14";;1,0;1,0;2,5;2,5;;6750,0;10,0;1;1,0;1;2;3;;5;;;1;5;"1";;"1";1,0;"20";3,0;;4;2;482,0;3;;;;;;;;;;838636,5;5116987,1
"2";"Friuli4265";"PN";"SAN VITO AL TAGLIAMENTO";"14";;1,0;1,0;2,5;1,0;;67500,0;15,0;1;1,0;1;2;5;;8;;;1;5;"1";;"1";1,0;"20";3,0;;4;2;189,4;5;;;;;;;;;;800398,5;5095267,4
"2";"Friuli4269";"PN";"SAN QUIRINO";"14";;1,0;1,0;2,5;2,5;;4275,0;10,0;1;1,0;1;2;3;;5;;;1;5;"1";;"1";1,0;"20";3,0;;4;2;482,0;3;;;;;;;;;;783757,0;5101889,0
"2";"Friuli4272";"PN";"ROVEREDO IN PIANO";"14";;1,0;1,0;2,5;2,5;;1500,0;10,0;1;1,0;1;2;3;;5;;;1;5;"1";;"1";1,0;"20";3,0;;4;2;482,0;3;;;;;;;;;;780259,7;5098693,0
"2";"Friuli4274";"UD";"POVOLETTO";"14";;1,0;1,0;2,5;2,5;;225,0;5,0;1;1,0;1;2;3;;5;;;1;5;"1";;"1";1,0;"20";3,0;;4;2;429,5;3;;;;;;;;;;830362,1;5118133,0
"2";"Friuli4275";"PN";"SAN VITO AL TAGLIAMENTO";"14";;1,0;1,0;2,5;2,5;;60000,0;15,0;1;1,0;1;2;5;;8;;;1;5;"1";;"1";1,0;"20";3,0;;4;2;571,2;3;;;;;;;;;;801070,8;5094829,3
"2";"Friuli4277";"TS";"TRIESTE";"14";;1,0;1,0;2,5;2,5;;18000,0;15,0;1;1,0;1;2;5;;8;;;1;5;"1";;"1";1,0;"20";3,0;;4;2;571,2;3;;;;;;;;;;874644,1;5062756,6
"2";"Friuli4283";"UD";"PASIAN DI PRATO";"14";;1,0;1,0;2,5;2,5;;18000,0;15,0;1;1,0;1;2;5;;8;;;1;5;"1";;"1";1,0;"20";5,0;;4;2;630,0;3;;;;;;;;;;823963,2;5111059,1
"2";"Friuli4286";"UD";"TAVAGNACCO";"14";;1,0;1,0;2,5;2,5;;202500,0;15,0;1;1,0;1;2;9;;10;;;1;5;"1";;"1";1,0;"20";3,0;;4;2;615,3;3;;;;;;;;;;826150,3;5115762,2
"2";"Friuli4292";"PN";"SAN VITO AL TAGLIAMENTO";"13";;2,5;1,0;2,5;2,5;3;;5,0;1;1,0;0;2;3;;5;;;1;30;"1";;"1";1,0;"20";5,0;;4;2;290,3;5;;;;;;;;;;799093,8;5092180,3
"2";"Friuli4293";"UD";"TAVAGNACCO";"14";;1,0;1,0;2,5;2,5;;56865,0;15,0;1;1,0;1;2;5;;8;;;1;5;"1";;"1";1,0;"20";3,0;;4;2;571,2;3;;;;;;;;;;826174,0;5115622,4
"2";"Friuli4315";"UD";"TAVAGNACCO";"13";;2,5;1,0;2,5;2,5;0;;5,0;1;1,0;1;2;3;;5;;;1;5;"1";;"1";1,0;"20";5,0;;4;2;214,6;5;;;;;;;;;;827232,3;5115367,2
"2";"Friuli4317";"UD";"TAVAGNACCO";"14";;1,0;1,0;2,5;2,5;;1500,0;10,0;1;1,0;1;2;3;;5;;;1;5;"1";;"1";1,0;"20";3,0;;4;2;482,0;3;;;;;;;;;;826308,5;5115503,1
"2";"Friuli4324";"UD";"OVARO";"14";;2,5;1,0;2,5;1,0;10001;;15,0;10;3,0;1;2;5;;8;;;1;5;"7";;"1";1,0;"5";3,0;;4;2;898,0;2;;;;;;;;;;796469,2;5154897,1
"2";"Friuli4325";"PN";"CANEVA";"14";;1,0;1,0;2,5;2,5;;3000,0;10,0;1;1,0;1;2;3;;5;;;1;5;"1";;"1";1,0;"20";3,0;;4;2;482,0;3;;;;;;;;;;768575,0;5098919,6
"2";"Friuli4334";"PN";"ROVEREDO IN PIANO";"14";;1,0;1,0;2,5;2,5;;1500,0;10,0;1;1,0;1;2;3;;5;;;1;5;"1";;"1";1,0;"20";3,0;;4;2;482,0;3;;;;;;;;;;779870,8;5099032,8
"2";"Friuli4335";"PN";"ZOPPOLA";"14";;1,0;1,0;2,5;2,5;;1500,0;10,0;1;1,0;1;2;3;;5;;;1;5;"1";;"1";1,0;"20";3,0;;4;2;482,0;3;;;;;;;;;;790888,5;5097744,1
"2";"Friuli4336";"PN";"SEQUALS";"14";;1,0;1,0;2,5;1,0;;15000,0;15,0;1;1,0;1;2;5;;8;;;1;5;"1";;"1";1,0;"20";3,0;;4;2;189,4;5;;;;;;;;;;800230,8;5118069,7
"2";"Friuli4343";"UD";"BUTTRIO";"13";;2,5;1,0;2,5;1,0;50;;5,0;10;3,0;0;2;5;;5;;;1;30;"3";;"1";1,0;"5";5,0;;4;2;543,0;4;;;;;;;;;;834834,6;5104459,6
"2";"Friuli4346";"UD";"CARLINO";"13";;2,5;1,0;2,5;2,5;33;;5,0;1;3,0;1;2;3;;5;;;1;5;"3";;"1";1,0;"5";5,0;;4;2;288,0;5;;;;;;;;;;825423,0;5080605,3
"2";"Friuli4348";"PN";"PORCIA";"13";;2,5;1,0;2,5;2,5;50;;5,0;1;1,0;0;2;3;;5;;;1;30;"1";;"1";1,0;"20";5,0;;4;2;290,3;5;;;;;;;;;;779864,4;5096099,5
"2";"Friuli4349";"UD";"CASTIONS DI STRADA";"14";;1,0;1,0;2,5;2,5;;450,0;5,0;1;1,0;1;2;3;;5;;;1;5;"1";;"1";1,0;"20";5,0;;4;2;488,3;3;;;;;;;;;;823666,4;5092797,5
"2";"Friuli4366";"UD";"UDINE";"19";;2,5;1,0;2,5;1,0;50;;5,0;10;1,0;1;2;3;;10;;;1;5;"1";;"1";1,0;"10";5,0;;4;2;487,2;2;;;;;;;;;;826505,1;5108908,2
"2";"Friuli440";"TS";"TRIESTE";"13";;2,5;1,0;2,5;1,0;50;;5,0;10;1,0;1;2;3;;5;;;1;5;"1";;"1";1,0;"20";5,0;;4;2;273,6;4;;;;;;;;;;871854,3;5066442,3
"2";"Friuli4416";"GO";"GORIZIA";"14";;1,0;1,0;2,5;2,5;;7500,0;10,0;1;1,0;1;2;5;;8;;;1;5;"1";;"1";1,0;"20";5,0;;4;2;577,5;3;;;;;;;;;;854588,3;5097029,9
"2";"Friuli4419";"PN";"VIVARO";"13";;2,5;1,0;2,5;1,0;50;;5,0;10;1,0;1;2;3;;10;;;1;5;"1";;"1";1,0;"10";5,0;;4;2;487,2;2;;;;;;;;;;791995,6;5109497,5
"2";"Friuli4421";"UD";"PASIAN DI PRATO";"13";;2,5;1,0;2,5;2,5;50;;5,0;1;1,0;1;2;3;;5;;;1;5;"1";;"1";1,0;"20";5,0;;4;2;214,6;5;;;;;;;;;;824721,7;5107877,9
"2";"Friuli4463";"UD";"SAN GIOVANNI AL NATISONE";"13";;2,5;1,0;2,5;1,0;50;;5,0;10;1,0;1;2;3;;10;;;1;5;"1";;"1";1,0;"10";5,0;;4;2;487,2;2;;;;;;;;;;840508,1;5101058,6
"2";"Friuli448";"UD";"PASIAN DI PRATO";"12";;1,0;1,0;2,5;1,0;;3900,0;10,0;1;1,0;1;2;3;;5;;;1;5;"1";;"1";1,0;"20";5,0;;4;2;179,1;5;;;;;;;;;;821314,9;5108390,4
"2";"Friuli4482";"PN";"ZOPPOLA";"14";;1,0;1,0;2,5;2,5;;1242,0;10,0;1;1,0;1;2;3;;5;;;1;5;"1";;"1";1,0;"20";5,0;;4;2;540,8;3;;;;;;;;;;796342,4;5096591,2
"2";"Friuli4515";"TS";"TRIESTE";"14";;1,0;1,0;2,5;2,5;;4200,0;10,0;1;1,0;1;2;3;;5;;;1;5;"1";;"1";1,0;"20";5,0;;4;2;540,8;3;;;;;;;;;;872921,2;5066813,7
"2";"Friuli4543";"UD";"TAVAGNACCO";"14";;1,0;1,0;2,5;2,5;;675,0;10,0;1;1,0;1;2;3;;5;;;1;5;"1";;"1";1,0;"20";5,0;;4;2;540,8;3;;;;;;;;;;825728,7;5116597,7
"2";"Friuli4544";"UD";"GONARS";"14";;1,0;1,0;2,5;2,5;;24000,0;15,0;1;1,0;1;2;5;;8;;;1;5;"1";;"1";1,0;"20";3,0;;4;2;571,2;3;;;;;;;;;;829179,9;5091770,6
"2";"Friuli4555";"UD";"PALMANOVA";"14";;1,0;1,0;2,5;2,5;;50250,0;15,0;1;1,0;1;2;5;;8;;;1;5;"1";;"1";1,0;"20";3,0;;4;2;571,2;3;;;;;;;;;;832985,7;5093091,6
"2";"Friuli4567";"UD";"NIMIS";"14";;1,0;1,0;2,5;2,5;;866,3;10,0;1;1,0;1;2;3;;5;;;1;5;"1";;"1";1,0;"20";5,0;;4;2;540,8;3;;;;;;;;;;828943,1;5125454,8
"2";"Friuli4588";"UD";"TAVAGNACCO";"14";;2,5;1,0;2,5;1,0;50;;5,0;10;1,0;1;2;3;;5;;;1;5;"1";;"3";1,0;"20";5,0;;4;2;552,0;2;;;;;;;;;;827459,7;5114750,9
"2";"Friuli4598";"PN";"CANEVA";"14";;1,0;1,0;2,5;2,5;;1650,0;10,0;1;1,0;1;2;3;;5;;;1;5;"1";;"1";1,0;"20";3,0;;4;2;482,0;3;;;;;;;;;;768919,0;5097074,5
"2";"Friuli4602";"PN";"CHIONS";"14";;1,0;1,0;2,5;2,5;;16500,0;15,0;1;1,0;1;2;5;;8;;;1;5;"1";;"1";1,0;"20";3,0;;4;2;571,2;3;;;;;;;;;;792545,8;5086424,3
"2";"Friuli4607";"UD";"SAN GIORGIO DI NOGARO";"14";;1,0;1,0;2,5;2,5;;81000,0;15,0;1;1,0;1;2;9;;10;;;1;5;"1";;"1";1,0;"20";3,0;;4;2;615,3;3;;;;;;;;;;828081,2;5080967,0
"2";"Friuli4612";"PN";"SEQUALS";"14";;1,0;1,0;2,5;2,5;;57000,0;15,0;1;1,0;1;2;5;;8;;;1;5;"1";;"1";1,0;"20";3,0;;4;2;571,2;3;;;;;;;;;;798304,5;5117543,5
"2";"Friuli4616";"UD";"SEDEGLIANO";"14";;1,0;1,0;2,5;2,5;;30000,0;15,0;1;1,0;1;2;5;;8;;;1;5;"1";;"1";1,0;"20";3,0;;4;2;571,2;3;;;;;;;;;;804429,1;5100252,4
"2";"Friuli4619";"UD";"CODROIPO";"14";;1,0;1,0;2,5;2,5;;37500,0;15,0;1;1,0;1;2;5;;8;;;1;5;"1";;"1";1,0;"20";3,0;;4;2;571,2;3;;;;;;;;;;808382,1;5098543,4
"2";"Friuli4621";"PN";"SAN GIORGIO DELLA RICHINVELDA";"14";;1,0;1,0;2,5;2,5;;27000,0;15,0;1;1,0;1;2;5;;8;;;1;5;"1";;"1";1,0;"20";3,0;;4;2;571,2;3;;;;;;;;;;799721,7;5107219,3
"2";"Friuli4630";"PN";"CORDENONS";"14";;1,0;1,0;2,5;2,5;;16500,0;15,0;1;1,0;1;2;5;;8;;;1;5;"1";;"1";1,0;"20";3,0;;4;2;571,2;3;;;;;;;;;;787129,9;5096674,8
"2";"Friuli4651";"UD";"PREMARIACCO";"14";;1,0;1,0;2,5;2,5;;1050,0;10,0;1;1,0;1;2;3;;5;;;1;5;"1";;"1";1,0;"20";5,0;;4;2;540,8;3;;;;;;;;;;839455,1;5107595,8
"2";"Friuli4656";"UD";"POVOLETTO";"14";;1,0;1,0;2,5;1,0;;8400,0;10,0;1;1,0;1;2;5;;8;;;1;5;"1";;"1";1,0;"20";3,0;;4;2;173,7;5;;;;;;;;;;832578,6;5116915,2
"2";"Friuli4662";"PN";"ZOPPOLA";"14";;1,0;1,0;2,5;2,5;;17250,0;15,0;1;1,0;1;2;5;;8;;;1;5;"1";;"1";1,0;"20";3,0;;4;2;571,2;3;;;;;;;;;;792547,8;5096953,2
"2";"Friuli4663";"UD";"REMANZACCO";"14";;1,0;1,0;2,5;2,5;;15000,0;15,0;1;1,0;1;2;5;;8;;;1;5;"1";;"1";1,0;"20";3,0;;4;2;571,2;3;;;;;;;;;;832023,8;5112438,6
"2";"Friuli4664";"PN";"SAN VITO AL TAGLIAMENTO";"14";;2,5;1,0;2,5;1,0;50;;5,0;10;1,0;1;2;3;;10;;;1;5;"1";;"1";1,0;"10";3,0;;4;2;448,8;2;;;;;;;;;;800237,0;5095052,5
"2";"Friuli4681";"UD";"RIVIGNANO";"14";;1,0;1,0;2,5;2,5;;1500,0;10,0;1;1,0;1;2;3;;5;;;1;5;"1";;"1";1,0;"20";5,0;;4;2;540,8;3;;;;;;;;;;814709,2;5089124,9
"2";"Friuli4682";"PN";"CORDENONS";"14";;1,0;1,0;2,5;2,5;;14775,0;15,0;1;1,0;1;2;5;;8;;;1;5;"1";;"1";1,0;"20";3,0;;4;2;571,2;3;;;;;;;;;;786945,3;5096554,5
"2";"Friuli4687";"PN";"SPILIMBERGO";"14";;1,0;1,0;2,5;2,5;;33000,0;15,0;1;1,0;1;2;5;;8;;;1;5;"1";;"1";1,0;"20";5,0;;4;2;630,0;3;;;;;;;;;;779415,4;5097023,8
"2";"Friuli4694";"UD";"UDINE";"14";;2,5;1,0;2,5;2,5;4;;5,0;1;3,0;1;2;3;;5;;;1;5;"7";;"1";1,0;"5";5,0;;4;2;306,0;5;;;;;;;;;;829395,6;5105410,1
"2";"Friuli471";"UD";"CAMINO AL TAGLIAMENTO";"14";;1,0;1,0;2,5;2,5;;12000,0;15,0;1;1,0;1;2;5;;8;;;1;5;"1";;"1";1,0;"20";5,0;;4;2;630,0;3;;;;;;;;;;806237,2;5092237,2
"2";"Friuli4711";"UD";"GONARS";"14";;1,0;1,0;2,5;2,5;;25500,0;15,0;1;1,0;1;2;5;;8;;;1;5;"1";;"1";1,0;"20";3,0;;4;2;571,2;3;;;;;;;;;;829178,4;5091790,5
"2";"Friuli4719";"UD";"PRECENICCO";"14";;1,0;1,0;2,5;2,5;;22500,0;15,0;1;1,0;1;2;5;;8;;;1;5;"1";;"1";1,0;"20";5,0;;4;2;630,0;3;;;;;;;;;;816669,3;5079610,3
"2";"Friuli4727";"GO";"GORIZIA";"14";;1,0;1,0;2,5;2,5;;138870,0;15,0;1;1,0;1;2;9;;10;;;1;5;"1";;"1";1,0;"20";3,0;;4;2;615,3;3;;;;;;;;;;857395,0;5094700,8
"2";"Friuli4728";"UD";"GEMONA DEL FRIULI";"14";;1,0;1,0;2,5;2,5;;11475,0;15,0;1;1,0;1;2;5;;8;;;1;5;"1";;"1";1,0;"20";5,0;;4;2;630,0;3;;;;;;;;;;816167,2;5133617,6
"2";"Friuli4733";"UD";"POVOLETTO";"14";;1,0;1,0;2,5;2,5;;7500,0;10,0;1;1,0;1;2;5;;8;;;1;5;"1";;"1";1,0;"20";3,0;;4;2;518,7;3;;;;;;;;;;831888,3;5113513,7
"2";"Friuli4735";"GO";"GORIZIA";"14";;1,0;1,0;2,5;2,5;;135000,0;15,0;1;1,0;1;2;9;;10;;;1;5;"1";;"1";1,0;"20";5,0;;4;2;674,1;3;;;;;;;;;;857037,0;5098248,9
"2";"Friuli4738";"UD";"POZZUOLO DEL FRIULI";"14";;1,0;1,0;2,5;2,5;;1500,0;10,0;1;1,0;1;2;3;;5;;;1;5;"1";;"1";1,0;"20";3,0;;4;2;482,0;3;;;;;;;;;;825722,7;5100977,6
"2";"Friuli4741";"UD";"PAVIA DI UDINE";"14";;1,0;1,0;2,5;2,5;;18000,0;15,0;1;1,0;1;2;5;;8;;;1;5;"1";;"1";1,0;"20";3,0;;4;2;571,2;3;;;;;;;;;;830987,3;5102120,9
"2";"Friuli4742";"UD";"UDINE";"14";;1,0;1,0;2,5;2,5;;5850,0;10,0;1;1,0;1;2;3;;5;;;1;5;"1";;"1";1,0;"20";3,0;;4;2;482,0;3;;;;;;;;;;828882,3;5107726,5
"2";"Friuli4748";"UD";"VILLA VICENTINA";"14";;1,0;1,0;2,5;2,5;;3000,0;10,0;1;1,0;1;2;3;;5;;;1;5;"1";;"1";1,0;"20";5,0;;4;2;540,8;3;;;;;;;;;;839825,6;5082034,4
"2";"Friuli4761";"PN";"FIUME VENETO";"14";;1,0;1,0;2,5;1,0;;1500,0;10,0;1;1,0;1;2;3;;5;;;1;5;"1";;"1";1,0;"20";3,0;;4;2;164,7;5;;;;;;;;;;787951,1;5094661,6
"2";"Friuli4764";"PN";"SAN QUIRINO";"14";;1,0;1,0;2,5;1,0;;30000,0;15,0;1;1,0;1;2;5;;8;;;1;5;"1";;"1";1,0;"20";3,0;;4;2;189,4;5;;;;;;;;;;782567,6;5104126,0
"2";"Friuli4774";"GO";"GORIZIA";"14";;1,0;1,0;2,5;2,5;;15000,0;15,0;1;1,0;1;2;5;;8;;;1;5;"1";;"1";1,0;"20";5,0;;4;2;630,0;3;;;;;;;;;;858837,0;5099017,4
"2";"Friuli4778";"PN";"SAN VITO AL TAGLIAMENTO";"14";;1,0;1,0;2,5;2,5;;1500,0;10,0;1;1,0;1;2;3;;5;;;1;5;"1";;"1";1,0;"20";3,0;;4;2;482,0;3;;;;;;;;;;800485,0;5094625,6
"2";"Friuli4781";"UD";"POCENIA";"13";;2,5;1,0;2,5;2,5;50;;5,0;1;1,0;0;2;3;;5;;;1;5;"1";;"1";1,0;"20";5,0;;4;2;211,5;5;;;;;;;;;;818300,2;5083962,0
"2";"Friuli4786";"GO";"CORMONS";"14";;1,0;1,0;2,5;2,5;;36000,0;15,0;1;1,0;1;2;5;;8;;;1;5;"1";;"1";1,0;"20";3,0;;4;2;571,2;3;;;;;;;;;;846076,1;5097783,6
"2";"Friuli4789";"UD";"BASILIANO";"14";;1,0;1,0;2,5;2,5;;75,0;5,0;1;1,0;1;2;3;;5;;;1;5;"1";;"1";1,0;"20";3,0;;4;2;429,5;3;;;;;;;;;;819191,7;5103581,3
"2";"Friuli4796";"UD";"MANZANO";"14";;1,0;1,0;2,5;2,5;;2700,0;10,0;1;1,0;1;2;3;;5;;;1;5;"1";;"1";1,0;"20";3,0;;4;2;482,0;3;;;;;;;;;;838271,9;5101952,1
"2";"Friuli4801";"UD";"MORTEGLIANO";"14";;1,0;1,0;2,5;2,5;;12960,0;15,0;1;1,0;1;2;5;;8;;;1;5;"1";;"1";1,0;"20";5,0;;4;2;630,0;3;;;;;;;;;;824091,9;5096805,9
"2";"Friuli4805";"UD";"SAN GIORGIO DI NOGARO";"14";;1,0;1,0;2,5;1,0;;30000,0;15,0;1;1,0;1;2;5;;8;;;1;5;"1";;"1";1,0;"20";5,0;;4;2;203,9;5;;;;;;;;;;827503,2;5083111,0
"2";"Friuli4816";"PN";"VALVASONE";"14";;1,0;1,0;2,5;2,5;;67500,0;15,0;1;1,0;1;2;5;;8;;;1;5;"1";;"1";1,0;"20";3,0;;4;2;571,2;3;;;;;;;;;;799812,8;5097256,5
"2";"Friuli4817";"UD";"MORTEGLIANO";"14";;1,0;1,0;2,5;2,5;;1500,0;10,0;1;1,0;1;2;3;;5;;;1;5;"1";;"1";1,0;"20";5,0;;4;2;540,8;3;;;;;;;;;;823942,4;5096951,2
"2";"Friuli4820";"PN";"AZZANO DECIMO";"14";;1,0;1,0;2,5;1,0;;1500,0;10,0;1;1,0;1;2;3;;5;;;1;5;"1";;"1";1,0;"20";3,0;;4;2;164,7;5;;;;;;;;;;787395,9;5089195,1
"2";"Friuli4828";"PN";"FIUME VENETO";"14";;1,0;1,0;2,5;2,5;;9000,0;10,0;1;1,0;1;2;5;;8;;;1;5;"1";;"1";1,0;"20";3,0;;4;2;518,7;3;;;;;;;;;;787801,5;5094782,8
"2";"Friuli4829";"TS";"SAN DORLIGO DELLA VALLE";"14";;2,5;1,0;2,5;1,0;400;;5,0;10;1,0;1;2;3;;5;;;1;5;"3";;"1";1,0;"5";3,0;;4;2;397,2;2;;;;;;;;;;876101,7;5061805,3
"2";"Friuli483";"UD";"BUIA";"14";;2,5;1,0;2,5;2,5;8;;5,0;1;1,0;0;2;5;;5;;;1;30;"1";;"1";1,0;"20";5,0;;4;2;298,4;5;;;;;;;;;;816853,5;5126155,0
"2";"Friuli4832";"PN";"MONTEREALE VALCELLINA";"14";;1,0;1,0;2,5;2,5;;22500,0;15,0;1;1,0;1;2;5;;8;;;1;5;"1";;"1";1,0;"20";5,0;;4;2;630,0;3;;;;;;;;;;782634,6;5117848,8
"2";"Friuli4852";"PN";"PRATA DI PORDENONE";"14";;1,0;1,0;2,5;2,5;;1095,0;10,0;1;1,0;1;2;3;;5;;;1;5;"1";;"1";1,0;"20";5,0;;4;2;540,8;3;;;;;;;;;;778992,2;5087866,5
"2";"Friuli4853";"PN";"ROVEREDO IN PIANO";"14";;1,0;1,0;2,5;2,5;;1095,0;10,0;1;1,0;1;2;3;;5;;;1;5;"1";;"1";1,0;"20";3,0;;4;2;482,0;3;;;;;;;;;;780493,5;5098905,3
"2";"Friuli4855";"PN";"SAN QUIRINO";"14";;1,0;1,0;2,5;2,5;;1095,0;10,0;1;1,0;1;2;3;;5;;;1;5;"1";;"1";1,0;"20";1,0;;2;2;408,5;3;;;;;;;;;;786106,5;5102201,8
"2";"Friuli4856";"PN";"POLCENIGO";"14";;1,0;1,0;2,5;2,5;;1095,0;10,0;1;1,0;1;2;3;;5;;;1;5;"1";;"1";1,0;"20";3,0;;4;2;482,0;3;;;;;;;;;;772687,4;5100913,5
"2";"Friuli4861";"PN";"MANIAGO";"14";;1,0;1,0;2,5;2,5;;1095,0;10,0;1;1,0;1;2;3;;5;;;1;5;"1";;"1";1,0;"20";3,0;;4;2;482,0;3;;;;;;;;;;788562,4;5118029,6
"2";"Friuli4862";"UD";"DIGNANO";"14";;1,0;1,0;2,5;2,5;;1095,0;10,0;1;1,0;1;2;3;;5;;;1;5;"1";;"1";1,0;"20";3,0;;4;2;482,0;3;;;;;;;;;;805062,5;5111143,7
"2";"Friuli4863";"UD";"POVOLETTO";"14";;1,0;1,0;2,5;2,5;;1095,0;10,0;1;1,0;1;2;3;;5;;;1;5;"1";;"1";1,0;"20";3,0;;4;2;482,0;3;;;;;;;;;;831490,1;5113760,7
"2";"Friuli4865";"UD";"BUIA";"14";;1,0;1,0;2,5;2,5;;1095,0;10,0;1;1,0;1;2;3;;5;;;1;5;"1";;"1";1,0;"20";3,0;;4;2;482,0;3;;;;;;;;;;819355,8;5127363,6
"2";"Friuli4867";"UD";"MAGNANO IN RIVIERA";"14";;1,0;1,0;2,5;2,5;;1095,0;10,0;1;1,0;1;2;3;;5;;;1;5;"1";;"1";1,0;"20";1,0;;2;2;408,5;3;;;;;;;;;;820943,0;5127758,9
"2";"Friuli4869";"UD";"CIVIDALE DEL FRIULI";"14";;1,0;1,0;2,5;2,5;;1095,0;10,0;1;1,0;1;2;3;;5;;;1;5;"1";;"1";1,0;"20";5,0;;4;2;540,8;3;;;;;;;;;;841386,6;5113602,5
"2";"Friuli4875";"UD";"PALAZZOLO DELLO STELLA";"14";;1,0;1,0;2,5;2,5;;1095,0;10,0;1;1,0;1;2;3;;5;;;1;5;"1";;"1";1,0;"20";3,0;;4;2;482,0;3;;;;;;;;;;816197,1;5080484,2
"2";"Friuli4878";"UD";"OSOPPO";"14";;1,0;1,0;2,5;2,5;;1095,0;10,0;1;1,0;1;2;3;;5;;;1;5;"1";;"1";1,0;"20";5,0;;4;2;540,8;3;;;;;;;;;;814063,1;5130892,3
"2";"Friuli4885";"PN";"SACILE";"14";;2,5;1,0;2,5;1,0;50;;5,0;10;1,0;1;2;3;;10;;;1;5;"1";;"1";1,0;"10";5,0;;4;2;487,2;2;;;;;;;;;;771999,2;5095569,3
"2";"Friuli4887";"UD";"BUTTRIO";"14";;1,0;1,0;2,5;2,5;;375,0;5,0;1;1,0;1;2;3;;5;;;1;5;"1";;"1";1,0;"20";5,0;;4;2;488,3;3;;;;;;;;;;834669,5;5104665,0
"2";"Friuli4891";"TS";"TRIESTE";"13";;2,5;1,0;2,5;1,0;50;;5,0;10;1,0;1;2;3;;10;;;1;5;"1";;"1";1,0;"10";5,0;;4;2;487,2;2;;;;;;;;;;871554,7;5066018,1
"2";"Friuli4899";"UD";"MARTIGNACCO";"14";;1,0;1,0;2,5;2,5;;90000,0;15,0;1;1,0;1;2;9;;10;;;1;5;"1";;"1";1,0;"20";3,0;;4;2;615,3;3;;;;;;;;;;820678,2;5112311,5
"2";"Friuli49";"GO";"MONFALCONE";"14";;2,5;1,0;2,5;2,5;34262;;15,0;1;1,0;0;2;3;;5;;;1;5;"1";;"1";1,0;"20";3,0;;4;2;231,3;5;;;;;;;;;;853912,3;5081343,3
"2";"Friuli4910";"TS";"SAN DORLIGO DELLA VALLE";"19";;2,5;1,0;2,5;1,0;50;;5,0;10;1,0;1;2;3;;5;;;1;5;"1";;"1";1,0;"20";3,0;;4;2;254,4;4;;;;;;;;;;876034,1;5061849,4
"2";"Friuli4911";"TS";"TRIESTE";"19";;2,5;1,0;2,5;1,0;290;;5,0;10;1,0;1;2;3;;5;;;1;30;"1";;"1";1,0;"20";3,0;;4;2;718,8;2;;;;;;;;;;874960,8;5062779,3
"2";"Friuli4928";"UD";"SAN DANIELE DEL FRIULI";"14";;1,0;1,0;2,5;2,5;;6450,0;10,0;1;1,0;1;2;3;;5;;;1;5;"1";;"1";1,0;"20";3,0;;4;2;482,0;3;;;;;;;;;;809537,7;5117781,5
"2";"Friuli4933";"GO";"MONFALCONE";"13";;2,5;1,0;2,5;2,5;50;;5,0;1;1,0;0;2;3;;5;;;1;5;"1";;"1";1,0;"20";5,0;;4;2;211,5;5;;;;;;;;;;851778,9;5083271,5
"2";"Friuli4941";"PN";"PORCIA";"14";;1,0;1,0;2,5;2,5;;30000,0;15,0;1;1,0;1;2;5;;8;;;1;5;"1";;"1";1,0;"20";3,0;;4;2;571,2;3;;;;;;;;;;778743,2;5095786,2
"2";"Friuli4942";"UD";"PAVIA DI UDINE";"14";;1,0;1,0;2,5;2,5;;21150,0;15,0;1;1,0;1;2;5;;8;;;1;5;"1";;"1";1,0;"20";5,0;;4;2;630,0;3;;;;;;;;;;831173,6;5101075,8
"2";"Friuli4948";"UD";"RIVIGNANO";"14";;2,5;1,0;2,5;1,0;50;;5,0;10;1,0;1;2;3;;10;;;1;5;"1";;"1";1,0;"10";5,0;;4;2;487,2;2;;;;;;;;;;813331,7;5088517,2
"2";"Friuli4958";"PN";"MANIAGO";"14";;2,5;1,0;2,5;2,5;50;;5,0;1;1,0;0;2;5;;5;;;1;5;"1";;"1";1,0;"10";3,0;;4;2;162,9;5;;;;;;;;;;787975,8;5117705,2
"2";"Friuli4959";"UD";"UDINE";"14";;1,0;1,0;2,5;2,5;;900,0;10,0;1;1,0;1;2;3;;5;;;1;5;"1";;"1";1,0;"20";5,0;;4;2;540,8;3;;;;;;;;;;827157,6;5112666,0
"2";"Friuli4960";"GO";"CORMONS";"14";;1,0;1,0;2,5;2,5;;18000,0;15,0;1;1,0;1;2;5;;8;;;1;5;"1";;"1";1,0;"20";3,0;;4;2;571,2;3;;;;;;;;;;845935,9;5097512,0
"2";"Friuli4962";"PN";"FONTANAFREDDA";"14";;1,0;1,0;2,5;2,5;;1500,0;10,0;1;1,0;1;2;3;;5;;;1;5;"1";;"1";1,0;"20";5,0;;4;2;540,8;3;;;;;;;;;;773595,2;5100212,5
"2";"Friuli4974";"PN";"MORSANO AL TAGLIAMENTO";"14";;1,0;1,0;2,5;2,5;;12360,0;15,0;1;1,0;1;2;5;;8;;;1;5;"1";;"1";1,0;"20";5,0;;4;2;630,0;3;;;;;;;;;;804951,2;5085674,7
"2";"Friuli4977";"UD";"POVOLETTO";"14";;1,0;1,0;2,5;2,5;;3750,0;10,0;1;1,0;1;2;3;;5;;;1;5;"1";;"1";1,0;"20";5,0;;4;2;540,8;3;;;;;;;;;;828922,4;5121765,7
"2";"Friuli4991";"PN";"SAN VITO AL TAGLIAMENTO";"14";;1,0;1,0;2,5;2,5;;10500,0;15,0;1;1,0;1;2;5;;8;;;1;5;"1";;"1";1,0;"20";5,0;;4;2;630,0;3;;;;;;;;;;798560,7;5092196,3
"2";"Friuli4992";"PN";"CORDENONS";"14";;1,0;1,0;2,5;2,5;;30000,0;15,0;1;1,0;1;2;5;;8;;;1;5;"1";;"1";1,0;"20";3,0;;4;2;571,2;3;;;;;;;;;;787177,2;5096592,1
"2";"Friuli4995";"UD";"BASILIANO";"14";;1,0;1,0;2,5;2,5;;750,0;10,0;1;1,0;1;2;3;;5;;;1;5;"1";;"1";1,0;"20";5,0;;4;2;540,8;3;;;;;;;;;;817604,4;5103943,2
"2";"Friuli4997";"UD";"REMANZACCO";"14";;1,0;1,0;2,5;2,5;;1500,0;10,0;1;1,0;1;2;3;;5;;;1;5;"1";;"1";1,0;"20";5,0;;4;2;540,8;3;;;;;;;;;;833867,1;5102247,0
"2";"Friuli4998";"UD";"TOLMEZZO";"14";;1,0;1,0;2,5;2,5;;1500,0;10,0;1;1,0;1;2;3;;5;;;1;5;"1";;"1";1,0;"20";3,0;;4;2;482,0;3;;;;;;;;;;809416,3;5145335,0
"2";"Friuli5";"UD";"VENZONE";"14";;1,0;1,0;2,5;2,5;;63000,0;15,0;1;1,0;1;2;5;;8;;;1;5;"1";;"1";1,0;"20";5,0;;4;2;630,0;3;;;;;;;;;;818215,5;5138861,4
"2";"Friuli5003";"UD";"LESTIZZA";"14";;1,0;1,0;2,5;2,5;;1500,0;10,0;1;1,0;1;2;3;;5;;;1;5;"1";;"1";1,0;"20";5,0;;4;2;540,8;3;;;;;;;;;;820760,4;5099596,1
"2";"Friuli5007";"PN";"MONTEREALE VALCELLINA";"14";;1,0;1,0;2,5;1,0;;150090,0;15,0;1;1,0;1;2;9;;10;;;1;5;"1";;"1";1,0;"20";3,0;;4;2;200,3;5;;;;;;;;;;782718,1;5115671,7
"2";"Friuli5009";"PN";"SAN VITO AL TAGLIAMENTO";"14";;1,0;1,0;2,5;2,5;;750,0;10,0;1;1,0;1;2;3;;5;;;1;5;"1";;"1";1,0;"20";5,0;;4;2;540,8;3;;;;;;;;;;798289,7;5091478,4
"2";"Friuli5010";"PN";"SAN VITO AL TAGLIAMENTO";"14";;1,0;1,0;2,5;2,5;;1500,0;10,0;1;1,0;1;2;3;;5;;;1;5;"1";;"1";1,0;"20";3,0;;4;2;482,0;3;;;;;;;;;;798051,0;5088492,9
"2";"Friuli5019";"PN";"SESTO AL REGHENA";"14";;1,0;1,0;2,5;2,5;;2400,0;10,0;1;1,0;1;2;3;;5;;;1;5;"1";;"1";1,0;"20";3,0;;4;2;482,0;3;;;;;;;;;;799721,8;5088215,4
"2";"Friuli5037";"UD";"CAMPOFORMIDO";"14";;1,0;1,0;2,5;2,5;;18000,0;15,0;1;1,0;1;2;5;;8;;;1;5;"1";;"1";1,0;"20";3,0;;4;2;571,2;3;;;;;;;;;;826502,2;5105543,9
"2";"Friuli5039";"PN";"BRUGNERA";"14";;1,0;1,0;2,5;1,0;;40500,0;15,0;1;1,0;1;2;5;;8;;;1;5;"1";;"1";1,0;"20";3,0;;4;2;189,4;5;;;;;;;;;;775645,8;5090158,7
"2";"Friuli5040";"UD";"SAN GIOVANNI AL NATISONE";"14";;1,0;1,0;2,5;2,5;;5400,0;10,0;1;1,0;1;2;3;;5;;;1;5;"1";;"1";1,0;"20";5,0;;4;2;540,8;3;;;;;;;;;;842546,3;5098971,3
"2";"Friuli5041";"UD";"CAMPOFORMIDO";"14";;1,0;1,0;2,5;2,5;;3450,0;10,0;1;1,0;1;2;3;;5;;;1;5;"1";;"1";1,0;"20";3,0;;4;2;482,0;3;;;;;;;;;;825755,3;5106155,1
"2";"Friuli5048";"GO";"GORIZIA";"13";;2,5;1,0;2,5;1,0;50;;5,0;10;1,0;1;2;3;;10;;;1;5;"1";;"1";1,0;"10";5,0;;4;2;487,2;2;;;;;;;;;;857661,6;5097291,8
"2";"Friuli5058";"PN";"PRATA DI PORDENONE";"14";;1,0;1,0;2,5;2,5;;9150,0;10,0;1;1,0;1;2;5;;8;;;1;5;"1";;"1";1,0;"20";3,0;;4;2;518,7;3;;;;;;;;;;776299,0;5083420,6
"2";"Friuli5071";"UD";"CIVIDALE DEL FRIULI";"14";;2,5;1,0;2,5;2,5;50;;5,0;1;1,0;1;2;5;;5;;;1;5;"1";;"1";1,0;"20";5,0;;4;2;222,8;5;;;;;;;;;;842734,0;5114466,6
"2";"Friuli5072";"GO";"GORIZIA";"14";;1,0;1,0;2,5;2,5;;80025,0;15,0;1;1,0;1;2;9;;10;;;1;5;"1";;"1";1,0;"20";5,0;;4;2;674,1;3;;;;;;;;;;857746,3;5099497,5
"2";"Friuli5073";"GO";"GORIZIA";"14";;1,0;1,0;2,5;2,5;;80025,0;15,0;1;1,0;1;2;9;;10;;;1;5;"1";;"1";1,0;"20";3,0;;4;2;615,3;3;;;;;;;;;;856262,4;5095338,4
"2";"Friuli5074";"TS";"TRIESTE";"14";;2,5;1,0;2,5;2,5;50;;5,0;1;1,0;1;2;3;;5;;;1;30;"1";;"1";1,0;"10";5,0;;4;2;261,9;5;;;;;;;;;;872391,9;5066372,2
"2";"Friuli5080";"PN";"CASARSA DELLA DELIZIA";"14";;1,0;1,0;2,5;2,5;;18000,0;15,0;1;1,0;1;2;5;;8;;;1;5;"1";;"1";1,0;"20";3,0;;4;2;571,2;3;;;;;;;;;;799190,2;5096796,0
"2";"Friuli5085";"UD";"REMANZACCO";"14";;1,0;1,0;2,5;2,5;;129600,0;15,0;1;1,0;1;2;9;;10;;;1;5;"1";;"1";1,0;"20";3,0;;4;2;615,3;3;;;;;;;;;;832192,6;5111866,1
"2";"Friuli5100";"PN";"MANIAGO";"14";;1,0;1,0;2,5;1,0;329;;15,0;1;1,0;1;2;9;;10;;;1;5;"1";;"1";1,0;"20";3,0;;4;2;200,3;5;;;;;;;;;;787808,0;5117694,5
"2";"Friuli5101";"PN";"AVIANO";"14";;1,0;1,0;2,5;2,5;;1218795,0;15,0;1;1,0;1;2;9;;10;;;1;5;"1";;"1";1,0;"20";3,0;;4;2;615,3;3;;;;;;;;;;787563,2;5117429,1
"2";"Friuli5103";"UD";"DIGNANO";"14";;1,0;1,0;2,5;2,5;;3030,0;10,0;1;1,0;1;2;3;;5;;;1;5;"1";;"1";1,0;"20";5,0;;4;2;540,8;3;;;;;;;;;;804732,2;5111157,9
"2";"Friuli5126";"PN";"ZOPPOLA";"14";;2,5;1,0;2,5;2,5;5;;5,0;1;1,0;1;2;5;;5;;;1;5;"1";;"1";1,0;"10";3,0;;4;2;166,1;5;;;;;;;;;;792536,0;5095872,5
"2";"Friuli5136";"UD";"TOLMEZZO";"14";;2,5;1,0;2,5;1,0;67262;;15,0;10;1,0;0;2;5;;5;;;1;5;"1";;"1";1,0;"20";3,0;;4;2;299,4;4;;;;;;;;;;808766,9;5145678,1
"2";"Friuli5140";"PN";"PORDENONE";"14";;2,5;1,0;2,5;1,0;332;;5,0;10;1,0;0;2;3;;5;;;1;5;"1";;"1";1,0;"10";3,0;;4;2;208,2;4;;;;;;;;;;781149,7;5098506,3
"2";"Friuli5147";"UD";"SAN DANIELE DEL FRIULI";"14";;1,0;1,0;2,5;2,5;;2250,0;10,0;1;1,0;1;2;3;;5;;;1;5;"1";;"1";1,0;"20";3,0;;4;2;482,0;3;;;;;;;;;;809623,0;5117848,2
"2";"Friuli5151";"GO";"GORIZIA";"14";;1,0;1,0;2,5;1,0;;300,0;5,0;1;1,0;1;2;3;;5;;;1;5;"1";;"1";1,0;"20";3,0;;4;2;148,9;5;;;;;;;;;;855845,6;5095005,7
"2";"Friuli5152";"GO";"GORIZIA";"14";;1,0;1,0;2,5;2,5;;525,0;10,0;1;1,0;1;2;3;;5;;;1;5;"1";;"1";1,0;"20";5,0;;4;2;540,8;3;;;;;;;;;;856632,7;5096953,1
"2";"Friuli5156";"UD";"CAMINO AL TAGLIAMENTO";"14";;1,0;1,0;2,5;2,5;;1500,0;10,0;1;1,0;1;2;3;;5;;;1;5;"1";;"1";1,0;"20";5,0;;4;2;540,8;3;;;;;;;;;;806273,2;5092265,0
"2";"Friuli5162";"GO";"MONFALCONE";"14";;2,5;1,0;2,5;1,0;230600;;15,0;10;1,0;0;2;9;;8;;;1;5;"1";;"3";1,0;"20";3,0;;4;2;646,8;2;;;;;;;;;;853452,9;5081710,4
"2";"Friuli5167";"PN";"ZOPPOLA";"14";;1,0;1,0;2,5;2,5;;1500,0;10,0;1;1,0;1;2;3;;5;;;1;5;"1";;"1";1,0;"20";3,0;;4;2;482,0;3;;;;;;;;;;795197,0;5096050,2
"2";"Friuli5169";"UD";"TALMASSONS";"14";;1,0;1,0;2,5;2,5;;292,5;5,0;1;1,0;1;2;3;;5;;;1;5;"1";;"1";1,0;"20";5,0;;4;2;488,3;3;;;;;;;;;;819199,9;5094654,0
"2";"Friuli5173";"UD";"CASTIONS DI STRADA";"14";;1,0;1,0;2,5;2,5;;750,0;10,0;1;1,0;1;2;3;;5;;;1;5;"1";;"1";1,0;"20";3,0;;4;2;482,0;3;;;;;;;;;;825014,2;5093801,6
"2";"Friuli5174";"UD";"VENZONE";"14";;1,0;1,0;2,5;2,5;;750,0;10,0;1;1,0;1;2;3;;5;;;1;5;"1";;"1";1,0;"20";3,0;;4;2;482,0;3;;;;;;;;;;818044,1;5144646,5
"2";"Friuli5175";"UD";"VENZONE";"14";;1,0;1,0;2,5;2,5;;750,0;10,0;1;1,0;1;2;3;;5;;;1;5;"1";;"1";1,0;"20";3,0;;4;2;482,0;3;;;;;;;;;;817848,9;5138004,4
"2";"Friuli5176";"UD";"MOIMACCO";"14";;1,0;1,0;2,5;2,5;;750,0;10,0;1;1,0;1;2;3;;5;;;1;5;"1";;"1";1,0;"20";3,0;;4;2;482,0;3;;;;;;;;;;837565,0;5112756,3
"2";"Friuli5177";"UD";"FLAIBANO";"14";;1,0;1,0;2,5;2,5;;750,0;10,0;1;1,0;1;2;3;;5;;;1;5;"1";;"1";1,0;"20";3,0;;4;2;482,0;3;;;;;;;;;;805179,4;5107087,7
"2";"Friuli5178";"UD";"MERETO DI TOMBA";"14";;1,0;1,0;2,5;2,5;;750,0;10,0;1;1,0;1;2;3;;5;;;1;5;"1";;"1";1,0;"20";3,0;;4;2;482,0;3;;;;;;;;;;811640,3;5104217,5
"2";"Friuli5179";"UD";"LESTIZZA";"14";;1,0;1,0;2,5;2,5;;750,0;10,0;1;1,0;1;2;3;;5;;;1;5;"1";;"1";1,0;"20";1,0;;2;2;408,5;3;;;;;;;;;;819807,9;5096547,9
"2";"Friuli5181";"UD";"VILLA SANTINA";"14";;1,0;1,0;2,5;2,5;;1095,0;10,0;1;1,0;1;2;3;;5;;;1;5;"1";;"1";1,0;"20";3,0;;4;2;482,0;3;;;;;;;;;;802280,4;5146635,5
"2";"Friuli5182";"UD";"RAVEO";"14";;1,0;1,0;2,5;2,5;;1095,0;10,0;1;1,0;1;2;3;;5;;;1;5;"1";;"1";1,0;"20";3,0;;4;2;482,0;3;;;;;;;;;;797769,6;5149624,6
"2";"Friuli5183";"UD";"RIVE D'ARCANO";"14";;1,0;1,0;2,5;2,5;;1095,0;10,0;1;1,0;1;2;3;;5;;;1;5;"1";;"1";1,0;"20";5,0;;4;2;540,8;3;;;;;;;;;;810577,5;5114361,2
"2";"Friuli5184";"UD";"CARLINO";"14";;1,0;1,0;2,5;2,5;;1500,0;10,0;1;1,0;1;2;3;;5;;;1;5;"1";;"1";1,0;"20";5,0;;4;2;540,8;3;;;;;;;;;;825397,4;5080412,7
"2";"Friuli5186";"UD";"SAN DANIELE DEL FRIULI";"14";;2,5;1,0;2,5;2,5;16;;5,0;1;1,0;1;2;3;;5;;;1;5;"1";;"1";1,0;"20";5,0;;4;2;214,6;5;;;;;;;;;;808835,9;5119030,2
"2";"Friuli5189";"UD";"MUZZANA DEL TURGNANO";"14";;1,0;1,0;2,5;2,5;;22,5;5,0;1;1,0;1;2;3;;5;;;1;5;"1";;"1";1,0;"20";5,0;;4;2;488,3;3;;;;;;;;;;819937,7;5081744,4
"2";"Friuli5190";"PN";"SAN VITO AL TAGLIAMENTO";"14";;1,0;1,0;2,5;2,5;;19200,0;15,0;1;1,0;1;2;5;;8;;;1;5;"1";;"1";1,0;"20";3,0;;4;2;571,2;3;;;;;;;;;;800960,3;5095788,5
"2";"Friuli5194";"UD";"SAN GIORGIO DI NOGARO";"14";;1,0;1,0;2,5;2,5;;91560,0;15,0;1;1,0;1;2;9;;10;;;1;5;"1";;"1";1,0;"20";3,0;;4;2;615,3;3;;;;;;;;;;828263,1;5080444,6
"2";"Friuli5196";"UD";"BUTTRIO";"14";;1,0;1,0;2,5;1,0;;347250,0;15,0;1;1,0;1;2;9;;10;;;1;5;"1";;"1";1,0;"20";5,0;;4;2;214,6;5;;;;;;;;;;835996,8;5103666,8
"2";"Friuli5200";"PN";"SAN VITO AL TAGLIAMENTO";"14";;1,0;1,0;2,5;2,5;;36060,0;15,0;1;1,0;1;2;5;;8;;;1;5;"1";;"1";1,0;"20";3,0;;4;2;571,2;3;;;;;;;;;;800359,4;5094920,2
"2";"Friuli5203";"UD";"MAJANO";"14";;1,0;1,0;2,5;2,5;;114000,0;15,0;1;1,0;1;2;9;;10;;;1;5;"1";;"1";1,0;"20";5,0;;4;2;674,1;3;;;;;;;;;;812867,8;5122679,0
"2";"Friuli5225";"PN";"CORDENONS";"14";;1,0;1,0;2,5;2,5;;3000,0;10,0;1;1,0;1;2;3;;5;;;1;5;"1";;"1";1,0;"20";5,0;;4;2;540,8;3;;;;;;;;;;786342,3;5097350,9
"2";"Friuli5312";"TS";"TRIESTE";"14";;2,5;1,0;2,5;1,0;50;;5,0;10;1,0;1;2;3;;10;;;1;5;"1";;"1";1,0;"10";3,0;;4;2;448,8;2;;;;;;;;;;875877,2;5062507,6
"2";"Friuli5318";"TS";"TRIESTE";"14";;1,0;1,0;2,5;1,0;1130;;10,0;1;1,0;1;2;5;;8;;;1;5;"1";;"1";1,0;"20";3,0;;4;2;173,7;5;;;;;;;;;;871824,1;5064690,4
"2";"Friuli5328";"TS";"SAN DORLIGO DELLA VALLE";"14";;1,0;1,0;2,5;2,5;;22500,0;15,0;1;1,0;1;2;5;;8;;;1;5;"1";;"1";1,0;"20";5,0;;4;2;630,0;3;;;;;;;;;;876243,4;5062017,8
"2";"Friuli5366";"TS";"TRIESTE";"14";;1,0;1,0;2,5;2,5;;4500,0;10,0;1;1,0;1;2;3;;5;;;1;5;"1";;"1";1,0;"20";3,0;;4;2;482,0;3;;;;;;;;;;874705,7;5062753,2
"2";"Friuli5396";"TS";"TRIESTE";"14";;1,0;1,0;2,5;2,5;;7500,0;10,0;1;1,0;1;2;5;;8;;;1;5;"1";;"1";1,0;"20";3,0;;4;2;518,7;3;;;;;;;;;;874347,5;5063015,6
"2";"Friuli5420";"PN";"PORDENONE";"14";;1,0;1,0;2,5;2,5;;6000,0;10,0;1;1,0;1;2;3;;5;;;1;5;"1";;"1";1,0;"20";5,0;;4;2;540,8;3;;;;;;;;;;782578,1;5093658,4
"2";"Friuli5452";"GO";"VILLESSE";"14";;1,0;1,0;2,5;2,5;;45000,0;15,0;1;1,0;1;2;5;;8;;;1;5;"1";;"1";1,0;"20";3,0;;4;2;571,2;3;;;;;;;;;;844764,1;5088948,9
"2";"Friuli550";"UD";"CODROIPO";"14";;2,5;1,0;2,5;2,5;0;;5,0;1;3,0;1;2;3;;5;;;1;5;"1";;"1";1,0;"5";5,0;;4;2;279,0;5;;;;;;;;;;808340,6;5097644,0
"2";"Friuli552";"UD";"LATISANA";"13";;2,5;1,0;2,5;1,0;50;;5,0;10;1,0;1;2;3;;10;;;1;5;"1";;"1";1,0;"10";3,0;;4;2;448,8;2;;;;;;;;;;813572,4;5074624,6
"2";"Friuli5561";"GO";"MONFALCONE";"14";;1,0;1,0;2,5;2,5;;5700,0;10,0;1;1,0;1;2;3;;5;;;1;5;"1";;"1";1,0;"20";5,0;;4;2;540,8;3;;;;;;;;;;851680,8;5080958,5
"2";"Friuli5603";"GO";"MONFALCONE";"14";;2,5;1,0;2,5;1,0;41783;;15,0;10;1,0;1;2;9;;5;;;1;5;"1";;"1";1,0;"20";5,0;;4;2;674,4;2;;;;;;;;;;852563,0;5081485,8
"2";"Friuli5604";"GO";"GRADO";"14";;1,0;1,0;2,5;2,5;;2400,0;10,0;1;1,0;1;2;3;;5;;;1;5;"1";;"1";1,0;"20";5,0;;4;2;540,8;3;;;;;;;;;;841288,7;5068144,1
"2";"Friuli5609";"GO";"MONFALCONE";"14";;1,0;1,0;2,5;2,5;;1650,0;10,0;1;1,0;1;2;3;;5;;;1;5;"1";;"1";1,0;"20";5,0;;4;2;540,8;3;;;;;;;;;;850612,0;5083152,5
"2";"Friuli5613";"GO";"MONFALCONE";"14";;1,0;1,0;2,5;2,5;;1500,0;10,0;1;1,0;1;2;3;;5;;;1;5;"1";;"1";1,0;"20";3,0;;4;2;482,0;3;;;;;;;;;;854500,5;5080959,8
"2";"Friuli5619";"GO";"GRADO";"14";;1,0;1,0;2,5;2,5;;15000,0;15,0;1;1,0;1;2;5;;8;;;1;5;"1";;"1";1,0;"20";5,0;;4;2;630,0;3;;;;;;;;;;841307,9;5068155,5
"2";"Friuli5642";"TS";"SAN DORLIGO DELLA VALLE";"14";;1,0;1,0;2,5;2,5;650;;15,0;1;1,0;1;2;9;;10;;;1;5;"1";;"1";1,0;"20";3,0;;4;2;615,3;3;;;;;;;;;;877979,7;5062371,0
"2";"Friuli5675";"TS";"TRIESTE";"14";;1,0;1,0;2,5;2,5;;6000,0;10,0;1;1,0;1;2;3;;5;;;1;5;"1";;"1";1,0;"20";3,0;;4;2;482,0;3;;;;;;;;;;874710,9;5062830,9
"2";"Friuli5705";"TS";"MUGGIA";"14";;1,0;1,0;2,5;2,5;;6000,0;10,0;1;1,0;1;2;3;;5;;;1;5;"1";;"1";1,0;"20";5,0;;4;2;540,8;3;;;;;;;;;;872096,4;5061157,3
"2";"Friuli5741";"UD";"MARANO LAGUNARE";"14";;1,0;1,0;2,5;2,5;;1800,0;10,0;1;1,0;1;2;3;;5;;;1;5;"1";;"1";1,0;"20";5,0;;4;2;540,8;3;;;;;;;;;;824101,6;5076420,2
"2";"Friuli5742";"UD";"MARANO LAGUNARE";"13";;2,5;1,0;2,5;1,0;50;;5,0;10;1,0;1;2;3;;10;;;1;5;"1";;"1";1,0;"10";5,0;;4;2;487,2;2;;;;;;;;;;823901,8;5075873,1
"2";"Friuli5744";"UD";"LIGNANO SABBIADORO";"14";;1,0;1,0;2,5;1,0;;1500,0;10,0;1;1,0;1;2;3;;5;;;1;5;"1";;"1";1,0;"20";5,0;;4;2;179,1;5;;;;;;;;;;821301,5;5067476,3
"2";"Friuli5749";"UD";"SAN GIORGIO DI NOGARO";"14";;1,0;1,0;2,5;2,5;;750,0;10,0;1;1,0;1;2;3;;5;;;1;5;"1";;"1";1,0;"20";5,0;;4;2;540,8;3;;;;;;;;;;827680,1;5082361,3
"2";"Friuli5750";"UD";"CERVIGNANO DEL FRIULI";"14";;1,0;1,0;2,5;2,5;;1500,0;10,0;1;1,0;1;2;3;;5;;;1;5;"1";;"1";1,0;"20";5,0;;4;2;540,8;3;;;;;;;;;;835945,0;5083009,5
"2";"Friuli5755";"UD";"AQUILEIA";"14";;1,0;1,0;2,5;2,5;;13500,0;15,0;1;1,0;1;2;5;;8;;;1;5;"1";;"1";1,0;"20";5,0;;4;2;630,0;3;;;;;;;;;;839849,8;5077188,7
"2";"Friuli5764";"UD";"CERVIGNANO DEL FRIULI";"14";;1,0;1,0;2,5;2,5;;1500,0;10,0;1;1,0;1;2;3;;5;;;1;5;"1";;"1";1,0;"20";3,0;;4;2;482,0;3;;;;;;;;;;835714,3;5082793,3
"2";"Friuli5770";"UD";"LATISANA";"14";;1,0;1,0;2,5;2,5;;750,0;10,0;1;1,0;1;2;3;;5;;;1;5;"1";;"1";1,0;"20";5,0;;4;2;540,8;3;;;;;;;;;;816686,1;5067718,0
"2";"Friuli5772";"UD";"SAN GIORGIO DI NOGARO";"14";;1,0;1,0;2,5;2,5;;45000,0;15,0;1;1,0;1;2;5;;8;;;1;5;"1";;"1";1,0;"20";3,0;;4;2;571,2;3;;;;;;;;;;829712,9;5076465,6
"2";"Friuli579";"TS";"DUINO-AURISINA";"16";;2,5;1,0;2,5;1,0;50;;5,0;10;1,0;1;2;3;;10;;;1;5;"1";;"1";1,0;"10";3,0;;4;2;448,8;2;;;;;;;;;;861362,9;5078419,1
"2";"Friuli5791";"UD";"AQUILEIA";"14";;1,0;1,0;2,5;2,5;;8550,0;10,0;1;1,0;1;2;5;;8;;;1;5;"1";;"1";1,0;"20";5,0;;4;2;577,5;3;;;;;;;;;;843972,4;5068800,4
"2";"Friuli5844";"UD";"PRADAMANO";"14";;1,0;1,0;2,5;2,5;;30000,0;15,0;1;1,0;1;2;5;;8;;;1;5;"1";;"1";1,0;"20";3,0;;4;2;571,2;3;;;;;;;;;;831672,9;5105431,6
"2";"Friuli5866";"UD";"AQUILEIA";"14";;1,0;1,0;2,5;2,5;;2025,0;10,0;1;1,0;1;2;3;;5;;;1;5;"1";;"1";1,0;"20";5,0;;4;2;540,8;3;;;;;;;;;;839327,7;5077002,8
"2";"Friuli5867";"UD";"TERZO D'AQUILEIA";"14";;1,0;1,0;2,5;2,5;;4200,0;10,0;1;1,0;1;2;3;;5;;;1;5;"1";;"1";1,0;"20";5,0;;4;2;540,8;3;;;;;;;;;;838086,3;5080825,2
"2";"Friuli5961";"TS";"TRIESTE";"14";;2,5;1,0;2,5;1,0;50;;5,0;10;1,0;1;2;3;;10;;;1;5;"1";;"1";1,0;"10";3,0;;4;2;448,8;2;;;;;;;;;;875521,3;5061909,4
"2";"Friuli5972";"GO";"GRADO";"14";;1,0;1,0;2,5;2,5;;7500,0;10,0;1;1,0;1;2;5;;8;;;1;5;"1";;"1";1,0;"20";5,0;;4;2;577,5;3;;;;;;;;;;843989,9;5068808,8
"2";"Friuli5974";"UD";"AQUILEIA";"14";;1,0;1,0;2,5;2,5;;7500,0;10,0;1;1,0;1;2;5;;8;;;1;5;"1";;"1";1,0;"20";1,0;;2;2;445,2;3;;;;;;;;;;840563,4;5076192,1
"2";"Friuli5975";"UD";"MARANO LAGUNARE";"14";;1,0;1,0;2,5;2,5;;2100,0;10,0;1;1,0;1;2;3;;5;;;1;5;"1";;"1";1,0;"20";5,0;;4;2;540,8;3;;;;;;;;;;823910,3;5075893,8
"2";"Friuli5982";"UD";"LATISANA";"14";;1,0;1,0;2,5;2,5;;8550,0;10,0;1;1,0;1;2;5;;8;;;1;5;"1";;"1";1,0;"20";5,0;;4;2;577,5;3;;;;;;;;;;814725,3;5071465,2
"2";"Friuli5989";"UD";"AQUILEIA";"14";;1,0;1,0;2,5;2,5;;1500,0;10,0;1;1,0;1;2;3;;5;;;1;5;"1";;"1";1,0;"20";3,0;;4;2;482,0;3;;;;;;;;;;840857,0;5076413,0
"2";"Friuli5997";"PN";"BRUGNERA";"14";;2,5;1,0;2,5;1,0;130995;;15,0;10;1,0;1;2;5;;8;;;1;5;"1";;"1";1,0;"20";3,0;;4;2;621,6;2;;;;;;;;;;777624,9;5092001,5
"2";"Friuli6013";"TS";"TRIESTE";"13";;1,0;1,0;2,5;2,5;;135000,0;15,0;1;1,0;1;2;9;;10;;;1;5;"1";;"1";1,0;"20";5,0;;4;2;674,1;3;;;;;;;;;;872276,4;5064967,4
"2";"Friuli6014";"TS";"TRIESTE";"13";;2,5;1,0;2,5;1,0;50;;5,0;10;1,0;1;2;3;;10;;;1;5;"1";;"1";1,0;"10";5,0;;4;2;487,2;2;;;;;;;;;;873582,7;5063488,5
"2";"Friuli6015";"TS";"TRIESTE";"13";;2,5;1,0;2,5;1,0;100;;5,0;10;1,0;1;2;3;;10;;;1;5;"1";;"1";1,0;"10";5,0;;4;2;487,2;2;;;;;;;;;;872644,5;5064613,4
"2";"Friuli6016";"UD";"CAMINO AL TAGLIAMENTO";"14";;2,5;1,0;2,5;2,5;20;;5,0;1;1,0;0;2;5;;5;;;1;5;"1";;"3";1,0;"20";1,0;;2;2;167,4;5;;;;;;;;;;806085,4;5096739,2
"2";"Friuli6017";"UD";"RIVE D'ARCANO";"14";;1,0;1,0;2,5;2,5;;10500,0;15,0;1;1,0;1;2;5;;8;;;1;5;"1";;"1";1,0;"20";5,0;;4;2;630,0;3;;;;;;;;;;810378,6;5116751,1
"2";"Friuli6018";"UD";"LATISANA";"14";;1,0;1,0;2,5;2,5;;10500,0;15,0;1;1,0;1;2;5;;8;;;1;5;"1";;"1";1,0;"20";5,0;;4;2;630,0;3;;;;;;;;;;812614,7;5078949,9
"2";"Friuli6019";"UD";"ARTEGNA";"19";;2,5;1,0;2,5;2,5;40;;5,0;1;1,0;0;2;5;;5;;;1;5;"1";;"3";1,0;"20";1,0;;2;2;167,4;5;;;;;;;;;;817728,2;5128678,7
"2";"Friuli6020";"UD";"NIMIS";"14";;1,0;1,0;2,5;1,0;;10500,0;15,0;1;1,0;1;2;5;;8;;;1;5;"1";;"1";1,0;"20";3,0;;4;2;189,4;5;;;;;;;;;;828498,5;5124047,8
"2";"Friuli6022";"TS";"SAN DORLIGO DELLA VALLE";"14";;1,0;1,0;2,5;2,5;;1500,0;10,0;1;1,0;1;2;3;;5;;;1;5;"1";;"1";1,0;"20";3,0;;4;2;482,0;3;;;;;;;;;;876285,6;5062218,8
"2";"Friuli6023";"PN";"PRATA DI PORDENONE";"14";;1,0;1,0;2,5;2,5;;1500,0;10,0;1;1,0;1;2;3;;5;;;1;5;"1";;"1";1,0;"20";5,0;;4;2;540,8;3;;;;;;;;;;778743,8;5088526,0
"2";"Friuli6027";"UD";"REANA DEL ROIALE";"14";;1,0;1,0;2,5;2,5;;150,0;5,0;1;1,0;1;2;3;;5;;;1;5;"1";;"1";1,0;"20";5,0;;4;2;488,3;3;;;;;;;;;;828342,3;5118860,6
"2";"Friuli6030";"UD";"UDINE";"14";;1,0;1,0;2,5;2,5;;3000,0;10,0;1;1,0;1;2;3;;5;;;1;5;"1";;"1";1,0;"20";3,0;;4;2;482,0;3;;;;;;;;;;827823,5;5105941,9
"2";"Friuli6031";"UD";"SAN GIORGIO DI NOGARO";"14";;1,0;1,0;2,5;2,5;;3000,0;10,0;1;1,0;1;2;3;;5;;;1;5;"1";;"1";1,0;"20";5,0;;4;2;540,8;3;;;;;;;;;;828039,4;5083163,4
"2";"Friuli6032";"UD";"MOGGIO UDINESE";"14";;1,0;1,0;2,5;2,5;;3000,0;10,0;1;1,0;1;2;3;;5;;;1;5;"1";;"1";1,0;"20";5,0;;4;2;540,8;3;;;;;;;;;;822458,4;5147300,0
"2";"Friuli6033";"UD";"TALMASSONS";"14";;1,0;1,0;2,5;2,5;;3000,0;10,0;1;1,0;1;2;3;;5;;;1;5;"1";;"1";1,0;"20";1,0;;2;2;408,5;3;;;;;;;;;;819771,4;5096471,9
"2";"Friuli6034";"UD";"VARMO";"14";;1,0;1,0;2,5;2,5;;3000,0;10,0;1;1,0;1;2;3;;5;;;1;5;"1";;"1";1,0;"20";1,0;;2;2;408,5;3;;;;;;;;;;809225,0;5086830,7
"2";"Friuli6035";"UD";"GONARS";"14";;1,0;1,0;2,5;2,5;;3000,0;10,0;1;1,0;1;2;3;;5;;;1;5;"1";;"1";1,0;"20";3,0;;4;2;482,0;3;;;;;;;;;;829832,8;5091565,8
"2";"Friuli6036";"UD";"PRADAMANO";"14";;1,0;1,0;2,5;2,5;;3000,0;10,0;1;1,0;1;2;3;;5;;;1;5;"1";;"1";1,0;"20";3,0;;4;2;482,0;3;;;;;;;;;;830637,0;5105482,8
"2";"Friuli6037";"UD";"BICINICCO";"14";;1,0;1,0;2,5;2,5;;3000,0;10,0;1;1,0;1;2;3;;5;;;1;5;"1";;"1";1,0;"20";3,0;;4;2;482,0;3;;;;;;;;;;828946,5;5094666,3
"2";"Friuli6038";"UD";"SAN GIOVANNI AL NATISONE";"14";;1,0;1,0;2,5;2,5;;3000,0;10,0;1;1,0;1;2;3;;5;;;1;5;"1";;"1";1,0;"20";3,0;;4;2;482,0;3;;;;;;;;;;842132,2;5101677,2
"2";"Friuli6039";"UD";"MANZANO";"14";;1,0;1,0;2,5;2,5;;3000,0;10,0;1;1,0;1;2;3;;5;;;1;5;"1";;"1";1,0;"20";3,0;;4;2;482,0;3;;;;;;;;;;839849,7;5101680,6
"2";"Friuli6040";"UD";"MANZANO";"14";;1,0;1,0;2,5;2,5;;3000,0;10,0;1;1,0;1;2;3;;5;;;1;5;"1";;"1";1,0;"20";3,0;;4;2;482,0;3;;;;;;;;;;837280,7;5100930,5
"2";"Friuli6041";"UD";"PREMARIACCO";"14";;1,0;1,0;2,5;2,5;;3000,0;10,0;1;1,0;1;2;3;;5;;;1;5;"1";;"1";1,0;"20";1,0;;2;2;408,5;3;;;;;;;;;;839072,8;5112043,0
"2";"Friuli6042";"UD";"REMANZACCO";"14";;1,0;1,0;2,5;2,5;;3000,0;10,0;1;1,0;1;2;3;;5;;;1;5;"1";;"1";1,0;"20";3,0;;4;2;482,0;3;;;;;;;;;;834634,5;5110855,0
"2";"Friuli6043";"UD";"BUTTRIO";"14";;1,0;1,0;2,5;2,5;;3000,0;10,0;1;1,0;1;2;3;;5;;;1;5;"1";;"1";1,0;"20";3,0;;4;2;482,0;3;;;;;;;;;;835365,6;5103929,4
"2";"Friuli6044";"UD";"ARTEGNA";"14";;1,0;1,0;2,5;2,5;;3000,0;10,0;1;1,0;1;2;3;;5;;;1;5;"1";;"1";1,0;"20";1,0;;2;2;408,5;3;;;;;;;;;;820201,1;5127693,7
"2";"Friuli6045";"PN";"SACILE";"14";;1,0;1,0;2,5;2,5;;1500,0;10,0;1;1,0;1;2;3;;5;;;1;5;"1";;"1";1,0;"20";3,0;;4;2;482,0;3;;;;;;;;;;768931,6;5093941,3
"2";"Friuli6047";"GO";"GORIZIA";"14";;1,0;1,0;2,5;2,5;;1500,0;10,0;1;1,0;1;2;3;;5;;;1;5;"1";;"1";1,0;"20";5,0;;4;2;540,8;3;;;;;;;;;;856593,5;5098536,8
"2";"Friuli6048";"GO";"GORIZIA";"14";;1,0;1,0;2,5;2,5;;1500,0;10,0;1;1,0;1;2;3;;5;;;1;5;"1";;"1";1,0;"20";5,0;;4;2;540,8;3;;;;;;;;;;856584,3;5098526,1
"2";"Friuli6052";"UD";"FAEDIS";"14";;1,0;1,0;2,5;2,5;;1500,0;10,0;1;1,0;1;2;3;;5;;;1;5;"1";;"1";1,0;"20";3,0;;4;2;482,0;3;;;;;;;;;;835011,5;5117602,3
"2";"Friuli6066";"PN";"SACILE";"14";;1,0;1,0;2,5;2,5;;1500,0;10,0;1;1,0;1;2;3;;5;;;1;5;"1";;"1";1,0;"20";3,0;;4;2;482,0;3;;;;;;;;;;769991,7;5094398,5
"2";"Friuli6074";"TS";"TRIESTE";"14";;2,5;1,0;2,5;2,5;501;;10,0;1;1,0;1;2;3;;5;;;1;5;"1";;"1";1,0;"20";5,0;;4;2;237,1;5;;;;;;;;;;872432,3;5064897,8
"2";"Friuli6075";"TS";"TRIESTE";"14";;1,0;1,0;2,5;2,5;;5550,0;10,0;1;1,0;1;2;3;;5;;;1;5;"1";;"1";1,0;"20";5,0;;4;2;540,8;3;;;;;;;;;;872581,2;5063650,4
"2";"Friuli6076";"TS";"TRIESTE";"14";;1,0;1,0;2,5;2,5;;13350,0;15,0;1;1,0;1;2;5;;8;;;1;5;"1";;"1";1,0;"20";1,0;;2;2;497,7;3;;;;;;;;;;864182,1;5075452,5
"2";"Friuli6077";"TS";"TRIESTE";"14";;2,5;1,0;2,5;2,5;10;;5,0;1;1,0;1;2;3;;5;;;1;5;"1";;"1";1,0;"20";5,0;;4;2;214,6;5;;;;;;;;;;874248,8;5064957,8
"2";"Friuli6078";"TS";"TRIESTE";"14";;2,5;1,0;2,5;2,5;501;;10,0;1;1,0;1;2;3;;5;;;1;5;"1";;"1";1,0;"20";5,0;;4;2;237,1;5;;;;;;;;;;871234,8;5068540,1
"2";"Friuli6079";"TS";"TRIESTE";"14";;2,5;1,0;2,5;2,5;10;;5,0;1;1,0;1;2;3;;5;;;1;5;"1";;"1";1,0;"20";5,0;;4;2;214,6;5;;;;;;;;;;870877,7;5068212,0
"2";"Friuli6080";"TS";"TRIESTE";"14";;2,5;1,0;2,5;2,5;10;;5,0;1;1,0;1;2;3;;5;;;1;5;"1";;"1";1,0;"20";5,0;;4;2;214,6;5;;;;;;;;;;873410,1;5066791,1
"2";"Friuli6081";"TS";"TRIESTE";"14";;2,5;1,0;2,5;2,5;10;;5,0;1;1,0;1;2;3;;5;;;1;5;"1";;"1";1,0;"20";5,0;;4;2;214,6;5;;;;;;;;;;873853,4;5065086,8
"2";"Friuli6082";"TS";"DUINO-AURISINA";"16";;2,5;1,0;2,5;2,5;10001;;15,0;1;1,0;1;2;3;;5;;;1;5;"1";;"1";1,0;"20";3,0;;4;2;234,4;5;;;;;;;;;;856778,1;5080946,4
"2";"Friuli6083";"TS";"TRIESTE";"14";;1,0;1,0;2,5;2,5;;60,0;5,0;1;1,0;1;2;3;;5;;;1;5;"1";;"1";1,0;"20";3,0;;4;2;429,5;3;;;;;;;;;;874470,0;5062841,9
"2";"Friuli6084";"TS";"DUINO-AURISINA";"14";;1,0;1,0;2,5;2,5;;1650,0;10,0;1;1,0;1;2;3;;5;;;1;5;"1";;"1";1,0;"20";5,0;;4;2;540,8;3;;;;;;;;;;861487,5;5080153,8
"2";"Friuli6085";"TS";"MONRUPINO";"14";;1,0;1,0;2,5;2,5;;375,0;5,0;1;1,0;1;2;3;;5;;;1;5;"1";;"1";1,0;"20";3,0;;4;2;429,5;3;;;;;;;;;;875695,7;5071907,5
"2";"Friuli6086";"TS";"TRIESTE";"14";;1,0;1,0;2,5;2,5;;225,0;5,0;1;1,0;1;2;3;;5;;;1;5;"1";;"1";1,0;"20";5,0;;4;2;488,3;3;;;;;;;;;;870970,3;5065521,3
"2";"Friuli6088";"TS";"TRIESTE";"14";;1,0;1,0;2,5;2,5;;255,0;5,0;1;1,0;1;2;3;;5;;;1;5;"1";;"1";1,0;"20";5,0;;4;2;488,3;3;;;;;;;;;;870463,6;5069113,0
"2";"Friuli6089";"TS";"TRIESTE";"14";;1,0;1,0;2,5;2,5;;255,0;5,0;1;1,0;1;2;3;;5;;;1;5;"1";;"1";1,0;"20";3,0;;4;2;429,5;3;;;;;;;;;;875560,5;5065735,2
"2";"Friuli609";"PN";"SESTO AL REGHENA";"14";;1,0;1,0;2,5;2,5;;1500,0;10,0;1;1,0;1;2;3;;5;;;1;5;"1";;"1";1,0;"20";3,0;;4;2;482,0;3;;;;;;;;;;801399,1;5085626,0
"2";"Friuli6090";"TS";"MUGGIA";"14";;1,0;1,0;2,5;2,5;;225,0;5,0;1;1,0;1;2;3;;5;;;1;5;"1";;"1";1,0;"20";3,0;;4;2;429,5;3;;;;;;;;;;874504,9;5060060,3
"2";"Friuli6091";"TS";"TRIESTE";"14";;1,0;1,0;2,5;2,5;;405,0;5,0;1;1,0;1;2;3;;5;;;1;5;"1";;"1";1,0;"20";5,0;;4;2;488,3;3;;;;;;;;;;876047,3;5064643,7
"2";"Friuli6092";"TS";"TRIESTE";"14";;1,0;1,0;2,5;2,5;;225,0;5,0;1;1,0;1;2;3;;5;;;1;5;"1";;"1";1,0;"20";3,0;;4;2;429,5;3;;;;;;;;;;873215,0;5066661,0
"2";"Friuli6093";"TS";"TRIESTE";"14";;1,0;1,0;2,5;2,5;;525,0;10,0;1;1,0;1;2;3;;5;;;1;5;"1";;"1";1,0;"20";5,0;;4;2;540,8;3;;;;;;;;;;871487,2;5068014,7
"2";"Friuli6094";"TS";"SAN DORLIGO DELLA VALLE";"14";;1,0;1,0;2,5;2,5;;45,0;5,0;1;1,0;1;2;3;;5;;;1;5;"1";;"1";1,0;"20";3,0;;4;2;429,5;3;;;;;;;;;;875836,5;5061818,5
"2";"Friuli6095";"TS";"SAN DORLIGO DELLA VALLE";"14";;1,0;1,0;2,5;2,5;;30,0;5,0;1;1,0;1;2;3;;5;;;1;5;"1";;"1";1,0;"20";3,0;;4;2;429,5;3;;;;;;;;;;876571,0;5061948,9
"2";"Friuli6109";"UD";"LIGNANO SABBIADORO";"14";;1,0;1,0;2,5;2,5;;1500,0;10,0;1;1,0;1;2;3;;5;;;1;5;"1";;"1";1,0;"20";5,0;;4;2;540,8;3;;;;;;;;;;821266,5;5067421,5
"2";"Friuli6114";"PN";"PORDENONE";"14";;2,5;1,0;2,5;2,5;100;;5,0;1;1,0;1;2;3;;5;;;1;5;"1";;"1";1,0;"20";5,0;;4;2;214,6;5;;;;;;;;;;782371,2;5098449,0
"2";"Friuli6115";"GO";"SAN CANZIAN D'ISONZO";"14";;2,5;1,0;2,5;2,5;100;;5,0;1;1,0;1;2;3;;5;;;1;5;"1";;"1";1,0;"20";5,0;;4;2;214,6;5;;;;;;;;;;845416,7;5082443,1
"2";"Friuli6116";"GO";"GORIZIA";"14";;2,5;1,0;2,5;2,5;100;;5,0;1;1,0;1;2;3;;5;;;1;5;"1";;"1";1,0;"20";3,0;;4;2;189,4;5;;;;;;;;;;856784,3;5097472,7
"2";"Friuli6117";"GO";"GORIZIA";"14";;2,5;1,0;2,5;2,5;100;;5,0;1;1,0;1;2;3;;5;;;1;5;"1";;"1";1,0;"20";5,0;;4;2;214,6;5;;;;;;;;;;857919,7;5098330,6
"2";"Friuli6118";"UD";"BAGNARIA ARSA";"14";;2,5;1,0;2,5;2,5;100;;5,0;1;1,0;1;2;3;;5;;;1;5;"1";;"1";1,0;"20";5,0;;4;2;214,6;5;;;;;;;;;;834307,3;5090143,1
"2";"Friuli6119";"UD";"CODROIPO";"14";;2,5;1,0;2,5;2,5;100;;5,0;1;1,0;1;2;3;;5;;;1;5;"1";;"1";1,0;"20";3,0;;4;2;189,4;5;;;;;;;;;;809979,0;5098490,3
"2";"Friuli6120";"UD";"LIGNANO SABBIADORO";"14";;2,5;1,0;2,5;2,5;100;;5,0;1;1,0;1;2;3;;5;;;1;5;"1";;"1";1,0;"20";3,0;;4;2;189,4;5;;;;;;;;;;818641,0;5065717,7
"2";"Friuli6122";"PN";"AZZANO DECIMO";"14";;1,0;1,0;2,5;2,5;;7500,0;10,0;1;1,0;1;2;5;;8;;;1;5;"1";;"1";1,0;"20";3,0;;4;2;518,7;3;;;;;;;;;;788256,2;5086753,4
"2";"Friuli6123";"UD";"CASTIONS DI STRADA";"14";;1,0;1,0;2,5;2,5;;7500,0;10,0;1;1,0;1;2;5;;8;;;1;5;"1";;"1";1,0;"20";3,0;;4;2;518,7;3;;;;;;;;;;824369,5;5093538,1
"2";"Friuli6124";"UD";"SEDEGLIANO";"14";;1,0;1,0;2,5;2,5;;70500,0;15,0;1;1,0;1;2;5;;8;;;1;5;"1";;"1";1,0;"20";3,0;;4;2;571,2;3;;;;;;;;;;804627,9;5100464,1
"2";"Friuli6129";"TS";"TRIESTE";"11";;1,0;1,0;2,5;2,5;;3750,0;10,0;1;1,0;1;2;3;;5;;;1;5;"1";;"1";1,0;"20";5,0;;4;2;540,8;3;;;;;;;;;;870532,3;5065963,5
"2";"Friuli6130";"TS";"TRIESTE";"11";;1,0;1,0;2,5;2,5;;450,0;5,0;1;1,0;1;2;3;;5;;;1;5;"1";;"1";1,0;"20";5,0;;4;2;488,3;3;;;;;;;;;;870536,5;5066148,6
"2";"Friuli6131";"TS";"TRIESTE";"11";;1,0;1,0;2,5;2,5;;1125,0;10,0;1;1,0;1;2;3;;5;;;1;5;"1";;"1";1,0;"20";5,0;;4;2;540,8;3;;;;;;;;;;870539,3;5066044,3
"2";"Friuli6132";"TS";"TRIESTE";"11";;1,0;1,0;2,5;2,5;;1500,0;10,0;1;1,0;1;2;3;;5;;;1;5;"1";;"1";1,0;"20";5,0;;4;2;540,8;3;;;;;;;;;;870516,4;5066067,7
"2";"Friuli6133";"TS";"TRIESTE";"11";;1,0;1,0;2,5;2,5;;60000,0;15,0;1;1,0;1;2;5;;8;;;1;5;"1";;"1";1,0;"20";5,0;;4;2;630,0;3;;;;;;;;;;871751,1;5064753,2
"2";"Friuli6134";"TS";"TRIESTE";"11";;1,0;1,0;2,5;2,5;;48000,0;15,0;1;1,0;1;2;5;;8;;;1;5;"1";;"1";1,0;"20";5,0;;4;2;630,0;3;;;;;;;;;;870559,6;5068502,5
"2";"Friuli6135";"TS";"TRIESTE";"11";;1,0;1,0;2,5;2,5;;1800,0;10,0;1;1,0;1;2;3;;5;;;1;5;"1";;"1";1,0;"20";5,0;;4;2;540,8;3;;;;;;;;;;870675,5;5068310,3
"2";"Friuli6136";"TS";"TRIESTE";"11";;1,0;1,0;2,5;2,5;;225,0;5,0;1;1,0;1;2;3;;5;;;1;5;"1";;"1";1,0;"20";5,0;;4;2;488,3;3;;;;;;;;;;870726,2;5068036,9
"2";"Friuli6137";"TS";"TRIESTE";"11";;1,0;1,0;2,5;2,5;;18000,0;15,0;1;1,0;1;2;5;;8;;;1;5;"1";;"1";1,0;"20";5,0;;4;2;630,0;3;;;;;;;;;;870747,9;5067974,3
"2";"Friuli6138";"TS";"TRIESTE";"11";;1,0;1,0;2,5;2,5;;6000,0;10,0;1;1,0;1;2;3;;5;;;1;5;"1";;"1";1,0;"20";5,0;;4;2;540,8;3;;;;;;;;;;870624,5;5068414,0
"2";"Friuli6139";"TS";"TRIESTE";"11";;1,0;1,0;2,5;2,5;;7800,0;10,0;1;1,0;1;2;5;;8;;;1;5;"1";;"1";1,0;"20";5,0;;4;2;577,5;3;;;;;;;;;;870601,6;5068411,3
"2";"Friuli6140";"TS";"TRIESTE";"11";;1,0;1,0;2,5;2,5;;7500,0;10,0;1;1,0;1;2;5;;8;;;1;5;"1";;"1";1,0;"20";5,0;;4;2;577,5;3;;;;;;;;;;870623,4;5068362,7
"2";"Friuli6141";"TS";"TRIESTE";"11";;1,0;1,0;2,5;2,5;;42000,0;15,0;1;1,0;1;2;5;;8;;;1;5;"1";;"1";1,0;"20";5,0;;4;2;630,0;3;;;;;;;;;;871278,8;5067526,0
"2";"Friuli6142";"TS";"TRIESTE";"11";;1,0;1,0;2,5;2,5;;30,0;5,0;1;1,0;1;2;3;;5;;;1;5;"1";;"1";1,0;"20";5,0;;4;2;488,3;3;;;;;;;;;;871170,6;5067749,9
"2";"Friuli6143";"TS";"TRIESTE";"11";;1,0;1,0;2,5;2,5;;300,0;5,0;1;1,0;1;2;3;;5;;;1;5;"1";;"1";1,0;"20";5,0;;4;2;488,3;3;;;;;;;;;;870487,5;5068673,9
"2";"Friuli6144";"TS";"TRIESTE";"11";;1,0;1,0;2,5;2,5;;14250,0;15,0;1;1,0;1;2;5;;8;;;1;5;"1";;"1";1,0;"20";5,0;;4;2;630,0;3;;;;;;;;;;871647,0;5066742,1
"2";"Friuli6145";"TS";"TRIESTE";"11";;1,0;1,0;2,5;2,5;;45000,0;15,0;1;1,0;1;2;5;;8;;;1;5;"1";;"1";1,0;"20";5,0;;4;2;630,0;3;;;;;;;;;;871543,9;5066844,9
"2";"Friuli6146";"TS";"TRIESTE";"11";;1,0;1,0;2,5;2,5;;30000,0;15,0;1;1,0;1;2;5;;8;;;1;5;"1";;"1";1,0;"20";5,0;;4;2;630,0;3;;;;;;;;;;871406,6;5067254,4
"2";"Friuli6147";"TS";"TRIESTE";"11";;1,0;1,0;2,5;2,5;;300,0;5,0;1;1,0;1;2;3;;5;;;1;5;"1";;"1";1,0;"20";5,0;;4;2;488,3;3;;;;;;;;;;871217,0;5066997,1
"2";"Friuli6148";"TS";"TRIESTE";"11";;1,0;1,0;2,5;2,5;;300,0;5,0;1;1,0;1;2;3;;5;;;1;5;"1";;"1";1,0;"20";5,0;;4;2;488,3;3;;;;;;;;;;870253,4;5065531,7
"2";"Friuli6149";"TS";"TRIESTE";"11";;1,0;1,0;2,5;2,5;;375,0;5,0;1;1,0;1;2;3;;5;;;1;5;"1";;"1";1,0;"20";5,0;;4;2;488,3;3;;;;;;;;;;870499,3;5065011,8
"2";"Friuli6150";"TS";"TRIESTE";"11";;1,0;1,0;2,5;2,5;;1800,0;10,0;1;1,0;1;2;3;;5;;;1;5;"1";;"1";1,0;"20";5,0;;4;2;540,8;3;;;;;;;;;;870378,9;5065090,2
"2";"Friuli6151";"TS";"TRIESTE";"11";;1,0;1,0;2,5;2,5;;150,0;5,0;1;1,0;1;2;3;;5;;;1;5;"1";;"1";1,0;"20";5,0;;4;2;488,3;3;;;;;;;;;;870254,7;5064590,7
"2";"Friuli6152";"TS";"TRIESTE";"11";;1,0;1,0;2,5;2,5;;150,0;5,0;1;1,0;1;2;3;;5;;;1;5;"1";;"1";1,0;"20";5,0;;4;2;488,3;3;;;;;;;;;;870238,1;5064677,9
"2";"Friuli6153";"TS";"TRIESTE";"11";;1,0;1,0;2,5;2,5;;150,0;5,0;1;1,0;1;2;3;;5;;;1;5;"1";;"1";1,0;"20";5,0;;4;2;488,3;3;;;;;;;;;;870433,7;5064628,3
"2";"Friuli6154";"TS";"TRIESTE";"11";;1,0;1,0;2,5;2,5;;150,0;5,0;1;1,0;1;2;3;;5;;;1;5;"1";;"1";1,0;"20";5,0;;4;2;488,3;3;;;;;;;;;;870414,3;5064712,2
"2";"Friuli6155";"TS";"TRIESTE";"11";;1,0;1,0;2,5;2,5;;75,0;5,0;1;1,0;1;2;3;;5;;;1;5;"1";;"1";1,0;"20";5,0;;4;2;488,3;3;;;;;;;;;;870285,9;5065192,7
"2";"Friuli6156";"TS";"TRIESTE";"11";;1,0;1,0;2,5;2,5;;375,0;5,0;1;1,0;1;2;3;;5;;;1;5;"1";;"1";1,0;"20";5,0;;4;2;488,3;3;;;;;;;;;;871236,8;5064312,9
"2";"Friuli6157";"TS";"TRIESTE";"11";;1,0;1,0;2,5;2,5;;37380,0;15,0;1;1,0;1;2;5;;8;;;1;5;"1";;"1";1,0;"20";5,0;;4;2;630,0;3;;;;;;;;;;872460,0;5063726,7
"2";"Friuli6158";"TS";"TRIESTE";"11";;1,0;1,0;2,5;2,5;;31200,0;15,0;1;1,0;1;2;5;;8;;;1;5;"1";;"1";1,0;"20";5,0;;4;2;630,0;3;;;;;;;;;;872309,4;5063953,4
"2";"Friuli6159";"TS";"TRIESTE";"11";;1,0;1,0;2,5;2,5;;214200,0;15,0;1;1,0;1;2;9;;10;;;1;5;"1";;"1";1,0;"20";5,0;;4;2;674,1;3;;;;;;;;;;872239,9;5063929,1
"2";"Friuli6160";"TS";"TRIESTE";"11";;1,0;1,0;2,5;2,5;;51765,0;15,0;1;1,0;1;2;5;;8;;;1;5;"1";;"1";1,0;"20";5,0;;4;2;630,0;3;;;;;;;;;;872351,4;5063808,9
"2";"Friuli6161";"TS";"TRIESTE";"11";;1,0;1,0;2,5;2,5;;49680,0;15,0;1;1,0;1;2;5;;8;;;1;5;"1";;"1";1,0;"20";5,0;;4;2;630,0;3;;;;;;;;;;872316,3;5063807,3
"2";"Friuli6162";"TS";"TRIESTE";"11";;1,0;1,0;2,5;2,5;;3000,0;10,0;1;1,0;1;2;3;;5;;;1;5;"1";;"1";1,0;"20";5,0;;4;2;540,8;3;;;;;;;;;;872523,7;5064054,9
"2";"Friuli6163";"TS";"TRIESTE";"11";;1,0;1,0;2,5;2,5;;113805,0;15,0;1;1,0;1;2;9;;10;;;1;5;"1";;"1";1,0;"20";5,0;;4;2;674,1;3;;;;;;;;;;872377,7;5064032,9
"2";"Friuli6164";"TS";"TRIESTE";"11";;1,0;1,0;2,5;2,5;;28605,0;15,0;1;1,0;1;2;5;;8;;;1;5;"1";;"1";1,0;"20";5,0;;4;2;630,0;3;;;;;;;;;;872537,7;5063775,7
"2";"Friuli6165";"TS";"TRIESTE";"11";;1,0;1,0;2,5;2,5;;41355,0;15,0;1;1,0;1;2;5;;8;;;1;5;"1";;"1";1,0;"20";5,0;;4;2;630,0;3;;;;;;;;;;872579,1;5063893,3
"2";"Friuli6166";"TS";"TRIESTE";"11";;1,0;1,0;2,5;2,5;;32160,0;15,0;1;1,0;1;2;5;;8;;;1;5;"1";;"1";1,0;"20";5,0;;4;2;630,0;3;;;;;;;;;;872413,5;5064117,9
"2";"Friuli6167";"TS";"TRIESTE";"11";;1,0;1,0;2,5;2,5;;32445,0;15,0;1;1,0;1;2;5;;8;;;1;5;"1";;"1";1,0;"20";5,0;;4;2;630,0;3;;;;;;;;;;872500,3;5064152,6
"2";"Friuli6168";"TS";"TRIESTE";"11";;1,0;1,0;2,5;2,5;;26400,0;15,0;1;1,0;1;2;5;;8;;;1;5;"1";;"1";1,0;"20";5,0;;4;2;630,0;3;;;;;;;;;;872483,3;5064098,1
"2";"Friuli6169";"TS";"TRIESTE";"11";;1,0;1,0;2,5;2,5;;34695,0;15,0;1;1,0;1;2;5;;8;;;1;5;"1";;"1";1,0;"20";5,0;;4;2;630,0;3;;;;;;;;;;872505,5;5063762,3
"2";"Friuli6170";"TS";"TRIESTE";"11";;1,0;1,0;2,5;2,5;;57735,0;15,0;1;1,0;1;2;5;;8;;;1;5;"1";;"1";1,0;"20";5,0;;4;2;630,0;3;;;;;;;;;;872508,8;5063933,2
"2";"Friuli6171";"TS";"TRIESTE";"11";;1,0;1,0;2,5;2,5;;15750,0;15,0;1;1,0;1;2;5;;8;;;1;5;"1";;"1";1,0;"20";5,0;;4;2;630,0;3;;;;;;;;;;872368,3;5063743,9
"2";"Friuli6172";"TS";"TRIESTE";"11";;1,0;1,0;2,5;2,5;;36015,0;15,0;1;1,0;1;2;5;;8;;;1;5;"1";;"1";1,0;"20";5,0;;4;2;630,0;3;;;;;;;;;;872399,3;5063826,6
"2";"Friuli6173";"TS";"TRIESTE";"11";;1,0;1,0;2,5;2,5;;2850,0;10,0;1;1,0;1;2;3;;5;;;1;5;"1";;"1";1,0;"20";5,0;;4;2;540,8;3;;;;;;;;;;872467,8;5064144,1
"2";"Friuli6174";"TS";"TRIESTE";"11";;1,0;1,0;2,5;2,5;;23400,0;15,0;1;1,0;1;2;5;;8;;;1;5;"1";;"1";1,0;"20";5,0;;4;2;630,0;3;;;;;;;;;;872433,3;5063601,2
"2";"Friuli6175";"TS";"TRIESTE";"11";;1,0;1,0;2,5;2,5;;21750,0;15,0;1;1,0;1;2;5;;8;;;1;5;"1";;"1";1,0;"20";5,0;;4;2;630,0;3;;;;;;;;;;872466,1;5064006,4
"2";"Friuli6176";"TS";"TRIESTE";"11";;1,0;1,0;2,5;2,5;;40500,0;15,0;1;1,0;1;2;5;;8;;;1;5;"1";;"1";1,0;"20";5,0;;4;2;630,0;3;;;;;;;;;;872494,9;5063997,5
"2";"Friuli6177";"TS";"TRIESTE";"11";;1,0;1,0;2,5;2,5;;36900,0;15,0;1;1,0;1;2;5;;8;;;1;5;"1";;"1";1,0;"20";5,0;;4;2;630,0;3;;;;;;;;;;872411,5;5063958,1
"2";"Friuli6178";"TS";"TRIESTE";"11";;1,0;1,0;2,5;2,5;;22065,0;15,0;1;1,0;1;2;5;;8;;;1;5;"1";;"1";1,0;"20";5,0;;4;2;630,0;3;;;;;;;;;;872570,9;5063775,2
"2";"Friuli6179";"TS";"TRIESTE";"11";;1,0;1,0;2,5;2,5;;28530,0;15,0;1;1,0;1;2;5;;8;;;1;5;"1";;"1";1,0;"20";5,0;;4;2;630,0;3;;;;;;;;;;872597,2;5063852,5
"2";"Friuli6180";"TS";"TRIESTE";"11";;1,0;1,0;2,5;2,5;;42600,0;15,0;1;1,0;1;2;5;;8;;;1;5;"1";;"1";1,0;"20";5,0;;4;2;630,0;3;;;;;;;;;;872531,0;5063917,8
"2";"Friuli6181";"TS";"TRIESTE";"11";;1,0;1,0;2,5;2,5;;53205,0;15,0;1;1,0;1;2;5;;8;;;1;5;"1";;"1";1,0;"20";5,0;;4;2;630,0;3;;;;;;;;;;872415,8;5063686,2
"2";"Friuli6182";"TS";"TRIESTE";"11";;1,0;1,0;2,5;2,5;;43500,0;15,0;1;1,0;1;2;5;;8;;;1;5;"1";;"1";1,0;"20";5,0;;4;2;630,0;3;;;;;;;;;;872412,2;5063774,3
"2";"Friuli6183";"TS";"TRIESTE";"11";;1,0;1,0;2,5;2,5;;23610,0;15,0;1;1,0;1;2;5;;8;;;1;5;"1";;"1";1,0;"20";5,0;;4;2;630,0;3;;;;;;;;;;872378,7;5063952,6
"2";"Friuli6184";"TS";"TRIESTE";"11";;1,0;1,0;2,5;2,5;;58485,0;15,0;1;1,0;1;2;5;;8;;;1;5;"1";;"1";1,0;"20";5,0;;4;2;630,0;3;;;;;;;;;;872562,3;5063916,2
"2";"Friuli6185";"TS";"TRIESTE";"11";;1,0;1,0;2,5;2,5;;52200,0;15,0;1;1,0;1;2;5;;8;;;1;5;"1";;"1";1,0;"20";5,0;;4;2;630,0;3;;;;;;;;;;872466,3;5063923,0
"2";"Friuli6186";"TS";"TRIESTE";"11";;1,0;1,0;2,5;2,5;;35400,0;15,0;1;1,0;1;2;5;;8;;;1;5;"1";;"1";1,0;"20";5,0;;4;2;630,0;3;;;;;;;;;;872439,5;5063933,1
"2";"Friuli6187";"TS";"TRIESTE";"11";;1,0;1,0;2,5;2,5;;102600,0;15,0;1;1,0;1;2;9;;10;;;1;5;"1";;"1";1,0;"20";5,0;;4;2;674,1;3;;;;;;;;;;872385,5;5064089,7
"2";"Friuli6188";"TS";"TRIESTE";"11";;1,0;1,0;2,5;2,5;;39300,0;15,0;1;1,0;1;2;5;;8;;;1;5;"1";;"1";1,0;"20";5,0;;4;2;630,0;3;;;;;;;;;;872425,3;5061031,3
"2";"Friuli63";"GO";"RONCHI DEI LEGIONARI";"13";;1,0;1,0;2,5;1,0;;36000,0;15,0;1;1,0;1;2;5;;8;;;1;5;"1";;"1";1,0;"20";3,0;;4;2;189,4;5;;;;;;;;;;848379,5;5084009,7
"2";"Friuli68";"PN";"CORDENONS";"3";;2,5;1,0;2,5;1,0;50;;5,0;10;1,0;1;2;3;;10;;;1;5;"1";;"1";1,0;"10";5,0;;4;2;487,2;2;;;;;;;;;;787122,9;5099545,1
"2";"Friuli686";"PN";"CANEVA";"14";;2,5;1,0;2,5;2,5;3360;;10,0;1;1,0;1;2;3;;5;;;1;5;"1";;"3";1,0;"20";3,0;;4;2;216,4;5;;;;;;;;;;768530,2;5098755,7
"2";"Friuli702";"PN";"PASIANO DI PORDENONE";"14";;1,0;1,0;2,5;2,5;;1500,0;10,0;1;1,0;1;2;3;;5;;;1;5;"1";;"1";1,0;"20";5,0;;4;2;540,8;3;;;;;;;;;;780741,9;5083299,6
"2";"Friuli714";"GO";"GORIZIA";"14";;1,0;1,0;2,5;2,5;;262,5;5,0;1;1,0;1;2;3;;5;;;1;5;"1";;"1";1,0;"20";5,0;;4;2;488,3;3;;;;;;;;;;857472,1;5097408,1
"2";"Friuli716";"PN";"SAN GIORGIO DELLA RICHINVELDA";"14";;2,5;1,0;2,5;2,5;5;;5,0;1;1,0;1;2;3;;5;;;1;5;"1";;"1";1,0;"20";5,0;;4;2;214,6;5;;;;;;;;;;799282,1;5106370,1
"2";"Friuli718";"PN";"CORDENONS";"14";;1,0;1,0;2,5;2,5;;1500,0;10,0;1;1,0;1;2;3;;5;;;1;5;"1";;"1";1,0;"20";3,0;;4;2;482,0;3;;;;;;;;;;786874,8;5096411,7
"2";"Friuli721";"UD";"MARTIGNACCO";"14";;1,0;1,0;2,5;2,5;;13815,0;15,0;1;1,0;1;2;5;;8;;;1;5;"1";;"1";1,0;"20";3,0;;4;2;571,2;3;;;;;;;;;;821453,3;5112057,9
"2";"Friuli726";"PN";"PORDENONE";"14";;1,0;1,0;2,5;1,0;;24000,0;15,0;1;1,0;1;2;5;;8;;;1;5;"1";;"1";1,0;"20";3,0;;4;2;189,4;5;;;;;;;;;;785983,4;5094979,8
"2";"Friuli727";"TS";"TRIESTE";"19";;2,5;1,0;2,5;1,0;42;;5,0;10;3,0;1;2;3;;5;;;1;5;"7";;"1";1,0;"20";3,0;;4;2;460,0;4;;;;;;;;;;873118,4;5062449,3
"2";"Friuli748";"UD";"AQUILEIA";"19";;2,5;1,0;2,5;1,0;50;;5,0;10;1,0;1;2;3;;5;;;1;5;"1";;"1";1,0;"10";1,0;;2;2;376,8;2;;;;;;;;;;838698,6;5079626,2
"2";"Friuli762";"UD";"RIVE D'ARCANO";"14";;2,5;1,0;2,5;1,0;50;;5,0;10;1,0;1;2;3;;10;;;1;5;"1";;"1";1,0;"10";5,0;;4;2;487,2;2;;;;;;;;;;813805,4;5119629,3
"2";"Friuli79";"PN";"MANIAGO";"14";;1,0;1,0;2,5;2,5;;7500,0;10,0;1;1,0;1;2;5;;8;;;1;5;"1";;"1";1,0;"20";5,0;;4;2;577,5;3;;;;;;;;;;786313,2;5120645,9
"2";"Friuli818";"UD";"RONCHIS";"14";;1,0;1,0;2,5;2,5;;55500,0;15,0;1;1,0;1;2;5;;8;;;1;5;"1";;"1";1,0;"20";3,0;;4;2;571,2;3;;;;;;;;;;811872,6;5080968,7
"2";"Friuli82";"TS";"TRIESTE";"14";;1,0;1,0;2,5;2,5;;1200,0;10,0;1;1,0;1;2;3;;5;;;1;5;"1";;"1";1,0;"20";3,0;;4;2;482,0;3;;;;;;;;;;875217,7;5062328,5
"2";"Friuli836";"GO";"GORIZIA";"14";;1,0;1,0;2,5;2,5;;675,0;10,0;1;1,0;1;2;3;;5;;;1;5;"1";;"1";1,0;"20";5,0;;4;2;540,8;3;;;;;;;;;;856534,4;5098522,3
"2";"Friuli870";"UD";"FLAIBANO";"14";;1,0;1,0;2,5;2,5;;150,0;5,0;1;1,0;1;2;3;;5;;;1;5;"1";;"1";1,0;"20";5,0;;4;2;488,3;3;;;;;;;;;;807636,3;5108284,1
"2";"Friuli892";"PN";"PASIANO DI PORDENONE";"14";;1,0;1,0;2,5;2,5;;139500,0;15,0;1;1,0;1;2;9;;10;;;1;5;"1";;"1";1,0;"20";3,0;;4;2;615,3;3;;;;;;;;;;780735,3;5085611,9
"2";"Friuli902";"PN";"CANEVA";"14";;1,0;1,0;2,5;2,5;;9000,0;10,0;1;1,0;1;2;5;;8;;;1;5;"1";;"1";1,0;"20";3,0;;4;2;518,7;3;;;;;;;;;;769860,7;5098434,7
"2";"Friuli917";"PN";"SAN QUIRINO";"14";;2,5;1,0;2,5;2,5;50;;5,0;1;1,0;1;2;3;;5;;;1;5;"1";;"1";1,0;"20";5,0;;4;2;214,6;5;;;;;;;;;;785614,0;5107140,7
"2";"Friuli921";"UD";"PAVIA DI UDINE";"14";;1,0;1,0;2,5;2,5;;1500,0;10,0;1;1,0;1;2;3;;5;;;1;5;"1";;"1";1,0;"20";3,0;;4;2;482,0;3;;;;;;;;;;830700,5;5102302,1
"2";"Friuli929";"PN";"AZZANO DECIMO";"14";;2,5;1,0;2,5;1,0;50;;5,0;10;1,0;1;2;3;;10;;;1;5;"1";;"1";1,0;"10";5,0;;4;2;487,2;2;;;;;;;;;;788594,8;5087373,9
"2";"Friuli93";"PN";"SACILE";"14";;1,0;1,0;2,5;2,5;;1500,0;10,0;1;1,0;1;2;3;;5;;;1;5;"1";;"1";1,0;"20";3,0;;4;2;482,0;3;;;;;;;;;;768885,3;5093903,7
"2";"Friuli958";"PN";"SACILE";"14";;1,0;1,0;2,5;1,0;;109500,0;15,0;1;1,0;1;2;9;;10;;;1;5;"1";;"1";1,0;"20";5,0;;4;2;214,6;5;;;;;;;;;;772546,9;5095889,5
"2";"Friuli987";"PN";"FIUME VENETO";"14";;1,0;1,0;2,5;1,0;;1500,0;10,0;1;1,0;1;2;3;;5;;;1;5;"1";;"1";1,0;"20";3,0;;4;2;164,7;5;;;;;;;;;;788133,9;5094792,8
