"ID";"CODICE";"DENOMIAZIONE";"CAP";"CITTA'";"PROV";"GIS x";"GIS y";"GIS Z";"PUNTEGGIO SITO Hp1";"PUNTEGGIO SITO Hp2";"CLASSE DI PRIORITA'";"TIPOLOGIA DI MCA";"PRESENZA DI CONFINAMENTO";"ACCESSIBILITA'";"TIPOLOGIA DI ATTIVITA'";"i1";"i2";"i3";"i4";"i5";"i6";"i7";"i8";"i9";"i10";"i11";"i12";"i13";"i14";"i15";"i16"
6;"CO009002001";"COMUNE DI ALBENGA";17031;"ALBENGA";"SV";1436408;4878075;;;187;5;2;1;1;1;10;10;1;1;;5;8;1;5;;;1;10;3;2;2
7;"CO009002002";"COMUNE DI ALBENGA";17031;"ALBENGA";"SV";1435676;4880722;;;229;5;2;1;1;1;10;10;1;1;;5;5;1;;;;1;10;3;4;10
8;"CO009002003";"COMUNE DI ALBENGA";17031;"ALBENGA";"SV";1436757;4877147;;;568;2;2;2;1;1;10;10;1;1;;3;5;1;5;;;1;10;3;4;2
9;"CO009002004";"COMUNE DI ALBENGA";17031;"ALBENGA";"SV";1437209;4878081;;;254;5;2;1;1;1;10;10;1;1;;5;5;1;;;;1;10;5;4;10
11;"CO009002005";"COMUNE DI ALBENGA";17031;"ALBENGA";"SV";1436831;4877674;;;453;3;2;2;1;2;5;10;1;1;;3;5;1;5;;;1;10;5;4;
13;"CO009002006";"COMUNE DI ALBENGA";17031;"ALBENGA";"SV";1436842;4877669;;;526;3;2;2;1;2;5;10;1;1;;3;5;1;;;;1;20;5;4;
14;"CO009002007";"COMUNE DI ALBENGA";17031;"ALBENGA";"SV";1437448;4877268;;;702;2;2;2;1;1;5;10;1;1;;5;5;1;;;;1;10;5;4;10
15;"CO009002008";"COMUNE DI ALBENGA";17031;"ALBENGA";"SV";436958,87;4877628,04;;;109;5;2;1;2;2;10;10;1;1;;9;;3;;;;1;5;5;;
16;"CO009002009";"COMUNE DI ALBENGA";17031;"ALBENGA";"SV";1434274;4877292;;;210;5;2;1;1;1;10;10;1;1;;5;5;1;;;;1;10;3;;10
17;"CO009002010";"COMUNE DI ALBENGA";17031;"ALBENGA";"SV";1435253;4878822;;;334;3;2;2;1;2;10;10;1;1;;3;5;1;5;;;1;5;3;2;
18;"CO009005001";"COMUNE DI ALTARE";17041;"ALTARE";"SV";446801,91;4909507,72;;;334;4;2;2;2;1;5;10;1;5;;3;8;1;30;;;;20;3;;
19;"CO009004001";"COMUNE DI ALBISOLA SUPERIORE";17011;"ALBISOLA SUPERIORE";"SV";1458790,7219;4912664,247;;;254;3;2;2;1;2;5;1;1;1;;3;5;1;5;;1;;10;1;2;2
21;"CO009004002";"COMUNE DI ALBISOLA SUPERIORE";17011;"ALBISOLA SUPERIORE";"SV";1461101,9505;49094417430;;;184;5;2;1;2;1;5;1;1;5;;5;5;1;5;;1;;20;5;4;10
22;"CO009004003";"COMUNE DI ALBISOLA SUPERIORE";17011;"ALBISOLA SUPERIORE";"SV";1460944,027;4909605,888;;;610;2;2;2;1;1;5;1;1;1;;3;5;1;;;1;;20;5;4;
24;"CO009004004";"COMUNE DI ALBISOLA SUPERIORE";17011;"ALBISOLA SUPERIORE";"SV";1461268,0607;4909102,2207;;;216;4;2;2;2;1;5;1;1;1;;5;5;1;5;;1;;20;5;4;
26;"CO009010001";"COMUNE DI BERGEGGI";17028;"BERGEGGI";"SV";455809,03;4899709,98;;;420;2;2;2;1;1;10;1;1;1;;3;5;1;5;;;;10;3;2;
27;"CO009010002";"COMUNE DI BERGEGGI";17028;"BERGEGGI";"SV";455308,11;4899407,88;;;696;2;2;2;1;1;5;1;1;1;;3;5;1;5;;;;20;5;4;10
28;"CO009010003";"COMUNE DI BERGEGGI";17028;"BERGEGGI";"SV";455097,18;4899691,12;;;696;2;2;2;1;1;5;1;1;1;;3;5;1;5;;;;20;5;4;10
29;"CO009013001";"COMUNE DI BORGIO VEREZZI";17022;"BORGIO VEREZZI";"SV";444064,42;4890561,95;;;517;2;2;2;1;1;10;10;1;1;;3;5;1;5;;;;10;3;2;
30;"CO009013002";"COMUNE DI BORGIO VEREZZI";17022;"BORGIO VEREZZI";"SV";444584,96;4889570,97;;;478;2;2;2;1;1;5;10;1;1;;3;5;1;5;;;;5;3;4;
31;"CO009018001";"COMUNE DI CARCARE (TENNIS CLUB COMUNALE)";17043;"CARCARE";"SV";443198,42;4912174,94;;;208;4;2;2;2;1;5;1;1;1;;3;5;1;5;;;1;20;5;4;
32;"CO009018002";"COMUNE DI CARCARE";17043;"CARCARE";"SV";443474,72;4911886,04;;;233;4;2;2;2;1;10;1;1;1;;3;8;1;5;;;1;20;5;4;
34;"CO009018003";"COMUNE DI CARCARE (SCUOLA MATERNA)";17043;"CARCARE";"SV";442574,23;4912042,85;;;749;2;2;2;1;1;10;1;1;1;;5;5;1;5;;;1;20;5;4;10
35;"CO009018004";"COMUNE DI CARCARE (BOCCIODROMO)";17043;"CARCARE";"SV";443198,42;4912174,94;;;234;4;2;2;2;1;10;1;1;1;;5;5;1;5;;;1;20;5;4;
36;"CO009009001";"COMUNE DI CASANOVA LERRONE";17033;"CASANOVA LERRONE";"SV";423548,39;4876304,36;;;427;2;2;2;1;1;5;10;1;1;;3;5;1;5;;;;5;3;2;
37;"CO009022003";"COMUNE DI CELLE LIGURE";17015;"CELLE LIGURE";"SV";1463813;4910121;;;976;2;2;2;1;1;5;1;3;1;;3;5;3;5;7;;;10;5;4;
38;"CO009022005";"COMUNE DI CELLE LIGURE";17015;"CELLE LIGURE";"SV";1463766,45;4910616,81;;;492;2;2;2;1;1;5;1;1;1;;3;5;1;5;;;;20;3;2;
39;"CO009024001";"COMUNE DI CERIALE";17023;"CERIALE";"SV";1438171,56;4882455,88;;;180;4;2;2;2;1;5;1;1;1;;5;5;1;5;;;;10;5;4;2
40;"CO009024003";"COMUNE DI CERIALE";17023;"CERIALE";"SV";1437897,05;4882453,43;;;208;4;2;2;2;1;5;1;1;1;;3;5;1;5;;;;20;5;4;2
41;"CO009024002";"COMUNE DI CERIALE";17023;"CERIALE";"SV";1438529,41;4882720,58;;;216;5;2;1;2;1;10;1;3;1;;3;8;1;5;3;;;5;5;4;
42;"CO009024004";"COMUNE DI CERIALE";17023;"CERIALE";"SV";1437401,96;4882313,72;;;174;4;2;2;2;1;5;1;1;1;;3;5;1;5;;;;20;3;2;
45;"CO009029001";"COMUNE DI FINALE LIGURE";17024;"FINALE LIGURE";"SV";1446688;4891523;;;982;3;2;2;1;2;5;10;3;1;;3;5;1;;7;;1;20;5;4;
46;"CO009029002";"COMUNE DI FINALE LIGURE";17024;"FINALE LIGURE";"SV";1446628;4891493;;;1298;2;2;2;1;1;5;10;3;1;;3;5;1;;7;;1;20;5;4;
47;"CO009029003";"COMUNE DI FINALE LIGURE";17024;"FINALE LIGURE";"SV";1446701;4891522;;;1442;2;2;2;1;1;5;10;3;1;;3;5;1;5;7;;1;20;5;4;10
48;"CO009029004";"COMUNE DI FINALE LIGURE";17024;"FINALE LIGURE";"SV";1445970;4891713;;;754;3;2;2;1;2;5;10;1;1;;9;5;1;30;;;1;20;5;4;
49;"CO009029005";"COMUNE DI FINALE LIGURE";17024;"FINALE LIGURE";"SV";1445943;4889986;;;826;2;2;2;1;1;5;10;1;1;;3;5;1;30;;;1;20;1;2;
50;"CO009029006";"COMUNE DI FINALE LIGURE";17024;"FINALE LIGURE";"SV";447523,34;4890868,23;;;297;4;1;2;2;1;5;10;1;1;2;3;;1;5;;;1;20;5;4;
51;"CO009029007";"COMUNE DI FINALE LIGURE";17024;"FINALE LIGURE";"SV";1446456;4891661;;;1063;2;2;2;1;1;5;10;1;1;;;5;1;30;;;1;20;5;4;10
53;"CO009049001";"COMUNE DI PIETRA LIGURE";17027;"PIETRA LIGURE";"SV";442633,59;4888654,58;;;384;2;2;2;1;1;5;1;1;1;;3;;1;;;;;10;3;2;
54;"CO009049003";"COMUNE DI PIETRA LIGURE";17027;"PIETRA LIGURE";"SV";442634,18;4888658,12;;;221;4;2;2;2;1;10;1;1;1;;3;;1;;;;;20;3;2;10
55;"CO009038001";"COMUNE DI MILLESIMO";17017;"MILLESIMO";"SV";1436,9;4912,7;;;203;4;2;2;2;2;5;1;1;5;;3;8;3;30;;3;;10;5;2;
58;"CO009038002";"COMUNE DI MILLESIMO";17017;"MILLESIMO";"SV";1436,34;4912,83;;;219;4;2;2;2;2;10;10;1;1;;3;5;1;5;7;3;;20;5;2;
59;"ASEDG009001";"EDILGECO - MAGAZZINO";17017;"MILLESIMO";"SV";1436,25;4912,865;;;556;3;2;2;1;2;15;10;1;5;;3;8;3;5;;;;20;5;2;
60;"ASOFR009001";"OFFICINE FRESIA SPA";17011;"MILLESIMO";"SV";1436,75;4912,95;;;620;3;2;2;1;2;15;10;1;1;;5;10;1;5;;;;20;5;4;2
61;"CO009052002";"COMUNE DI QUILIANO";17047;"QUILIANO";"SV";1454116,78;4903627,107;;;718;2;2;2;1;1;10;10;1;1;;5;8;1;5;;;;20;3;4;2
62;"CO009052003";"COMUNE DI QUILIANO";17047;"QUILIANO";"SV";1451264,722;4904314,253;;;481;2;2;2;1;1;5;10;1;1;;3;5;1;5;;;;10;3;2;
63;"CO009052004";"COMUNE DI QUILIANO";17047;"QUILIANO";"SV";1452941,027;4904310,827;;;478;2;2;2;1;1;5;10;1;1;;3;5;1;5;;;;5;3;4;
64;"CO009056003";"COMUNE DI SAVONA";17100;"SAVONA";"SV";458589,72;4906143,64;;;121;5;2;1;2;1;5;1;1;1;;3;5;1;5;;;1;10;5;4;
65;"CO009056004";"COMUNE DI SAVONA";17100;"SAVONA";"SV";458591,91;4906135,78;;;216;4;2;2;2;1;5;1;1;1;;5;5;1;5;;;1;20;5;4;
66;"CO009056005";"COMUNE DI SAVONA";17100;"SAVONA";"SV";458591,91;4906135,78;;;335;4;2;2;2;1;5;1;1;1;;5;5;1;30;;;1;20;5;4;10
67;"CO009056006";"COMUNE DI SAVONA";17100;"SAVONA";"SV";458591,91;4906135,78;;;208;4;2;2;2;1;5;1;1;1;;3;5;1;5;;;1;20;5;4;
68;"CO009056007";"COMUNE DI SAVONA";17100;"SAVONA";"SV";458591,91;4906135,78;;;200;4;2;2;2;1;5;1;3;1;;3;5;1;5;;;1;;3;2;
69;"CO009056008";"COMUNE DI SAVONA";17100;"SAVONA";"SV";458591,91;4906135,78;;;236;4;2;2;2;1;5;1;1;1;;3;5;1;5;;;1;20;5;4;10
70;"CO009056009";"COMUNE DI SAVONA";17100;"SAVONA";"SV";458591,91;4906135,78;;;245;4;2;2;2;1;5;1;1;1;;5;5;1;5;;;1;20;5;4;10
71;"CO009056010";"COMUNE DI SAVONA";17100;"SAVONA";"SV";458591,91;4906135,78;;;236;4;2;2;2;1;5;1;1;1;;3;5;1;5;;;1;20;5;4;10
72;"CO009056011";"COMUNE DI SAVONA";17100;"SAVONA";"SV";458591,91;4906135,78;;;335;4;2;2;2;1;5;1;1;1;;5;5;1;30;;;1;20;5;4;10
73;"CO009056012";"COMUNE DI SAVONA";17100;"SAVONA";"SV";458591,91;4906135,78;;;236;4;2;2;2;1;5;1;1;1;;3;5;1;;;;1;20;5;4;10
74;"CO009056013";"COMUNE DI SAVONA";17100;"SAVONA";"SV";458591,91;4906135,78;;;245;4;2;2;2;1;5;1;1;1;;5;5;1;5;;;1;20;5;4;10
75;"CO009056014";"COMUNE DI SAVONA";17100;"SAVONA";"SV";458591,91;4906135,78;;;209;4;2;2;2;1;5;1;1;1;;5;5;1;5;;;1;10;5;4;10
76;"CO009056015";"COMUNE DI SAVONA";17100;"SAVONA";"SV";458591,91;4906135,78;;;209;4;2;2;2;1;5;1;1;1;;5;5;1;5;;;1;10;5;4;10
77;"CO009056016";"COMUNE DI SAVONA";17100;"SAVONA";"SV";458591,91;4906135,78;;;166;4;2;2;2;2;5;1;1;1;;3;5;1;5;;;1;20;5;4;2
78;"CO009056017";"COMUNE DI SAVONA";17100;"SAVONA";"SV";458591,91;4906135,78;;;216;4;2;2;2;1;5;1;1;1;;5;5;1;5;;;1;20;5;4;
79;"CO009056019";"COMUNE DI SAVONA";17100;"SAVONA";"SV";458591,91;4906135,78;;;180;4;2;2;2;1;5;1;1;1;;5;5;1;5;;;1;10;5;4;
80;"CO009056020";"COMUNE DI SAVONA";17100;"SAVONA";"SV";458591,91;4906135,78;;;362;4;2;2;2;1;10;1;1;5;;9;8;1;30;;;1;20;5;4;
81;"CO009056021";"COMUNE DI SAVONA";17100;"SAVONA";"SV";458591,91;4906135,78;;;329;4;2;2;2;1;10;1;1;5;;9;8;1;30;;;1;20;3;2;
82;"CO009056022";"COMUNE DI SAVONA";17100;"SAVONA";"SV";458591,91;4906135,78;;;208;4;2;2;2;1;5;1;1;1;;3;5;1;5;;;1;20;5;4;2
83;"CO009056024";"COMUNE DI SAVONA";17100;"SAVONA";"SV";458591,91;4906135,78;;;258;4;2;2;2;1;10;1;1;1;;9;8;1;;;;1;20;5;4;
84;"CO009056025";"COMUNE DI SAVONA";17100;"SAVONA";"SV";458591,91;4906135,78;;;245;4;2;2;2;1;5;1;1;1;;5;5;1;5;;;1;20;5;4;10
85;"CO009056026";"COMUNE DI SAVONA";17100;"SAVONA";"SV";458591,91;4906135,78;;;245;4;2;2;2;1;5;1;1;1;2;5;5;1;5;;;1;20;5;4;10
86;"CO009056030";"COMUNE DI SAVONA";17100;"SAVONA";"SV";458591,91;4906135,78;;;277;4;1;2;2;1;5;1;1;1;2;3;5;1;5;;;1;20;5;4;10
87;"CO009056032";"COMUNE DI SAVONA";17100;"SAVONA";"SV";458591,91;4906135,78;;;245;4;2;2;2;1;5;1;1;1;;5;5;1;5;;;1;20;5;4;10
89;"CO009057001";"COMUNE DI SPOTORNO";17028;"SPOTORNO";"SV";453622,71;4897271,66;;;492;2;2;2;1;1;5;1;1;1;;3;5;1;5;;;;20;3;;
90;"CO009057002";"COMUNE DI SPOTORNO";17028;"SPOTORNO";"SV";453622,71;4897271,66;;;526;2;2;2;1;1;5;1;1;1;;3;5;1;5;;;;20;5;2;
91;"CO009057004";"COMUNE DI SPOTORNO";17013;"SPOTORNO";"SV";453622,71;4897271,66;;;610;2;2;2;1;1;5;1;1;1;;3;5;1;5;;;;20;5;4;
92;"CO009057003";"COMUNE DI SPOTORNO";17023;"SPOTORNO";"SV";453622,71;4897271,66;;;610;2;2;2;1;1;5;1;1;1;;3;5;1;5;;;;20;5;4;
94;"CO009064002";"COMUNE DI VADO LIGURE - magazzino segnaletica";17047;"VADO LIGURE";"SV";1455027;4901788;;;644;3;2;2;1;2;5;1;1;1;;3;5;1;30;;;;20;5;4;
96;"PR009ESP001";"PROVINCIA  DI SAVONA EDILIZIA SCOLASTICA  PATRIMON";17100;"SAVONA";"SV";458766,68;4906058,31;;;254;4;2;2;2;1;10;1;1;1;;3;5;1;5;;;;20;5;4;10
97;"SCORN009001";"OSPEDALE SANTA CORONA";17027;"PIETRA LIGURE";"SV";444695,31;4889603,62;;;696;2;2;2;1;1;10;1;1;1;;9;5;1;5;;;;20;5;4;2
98;"SCORN009002";"OSPEDALE SANTA CORONA";17027;"PIETRA LIGURE";"SV";444695,31;4889603,62;;;254;5;2;1;1;1;10;1;1;1;;9;8;1;5;;;;20;5;4;2
99;"SCORN009003";"OSPEDALE SANTA CORONA";17027;"PIETRA LIGURE";"SV";444695,31;4889603,62;;;660;2;2;2;1;1;5;1;1;1;;9;5;1;5;;;;20;5;4;2
100;"SCORN009004";"OSPEDALE SANTA CORONA";17027;"PIETRA LIGURE";"SV";444695,31;4889603,62;;;660;2;2;2;1;1;5;1;1;1;;9;5;1;5;;;;20;5;4;2
101;"SCORN009005";"OSPEDALE SANTA CORONA";17027;"PIETRA LIGURE";"SV";444695,31;4889603,62;;;245;5;2;1;1;1;10;1;1;1;;9;5;1;5;;;;20;5;4;2
102;"SCORN009006";"OSPEDALE SANTA CORONA";17027;"PIETRA LIGURE";"SV";444695,31;4889603,62;;;660;2;2;2;1;1;5;1;1;1;;9;5;1;5;;;;20;5;4;2
103;"SCORN009007";"OSPEDALE SANTA CORONA";17027;"PIETRA LIGURE";"SV";444695,31;4889603,62;;;660;2;2;2;1;1;5;1;1;1;;9;5;1;5;;;;20;5;4;2
104;"SCORN009008";"OSPEDALE SANTA CORONA";17027;"PIETRA LIGURE";"SV";444695,31;4889603,62;;;696;2;2;2;1;1;10;1;1;1;;9;5;1;5;;;;20;5;4;2
105;"SCORN009009";"OSPEDALE SANTA CORONA";17027;"PIETRA LIGURE";"SV";444695,31;4889603,62;;;660;2;2;2;1;1;5;1;1;1;;9;5;1;5;;;;20;5;4;2
106;"SCORN009010";"OSPEDALE SANTA CORONA";17027;"PIETRA LIGURE";"SV";444695,31;4889603,62;;;660;2;2;2;1;1;5;1;1;1;;9;5;1;5;;;;20;5;4;2
107;"SCORN009011";"OSPEDALE SANTA CORONA";17027;"PIETRA LIGURE";"SV";444695,31;4889603,62;;;660;2;2;2;1;1;5;1;1;1;;9;5;1;5;;;;20;5;4;2
108;"SCORN009012";"OSPEDALE SANTA CORONA";17027;"PIETRA LIGURE";"SV";444695,31;4889603,62;;;660;2;2;2;1;1;5;1;1;1;;9;5;1;5;;;;20;5;4;2
109;"SCORN009013";"OSPEDALE SANTA CORONA";17027;"PIETRA LIGURE";"SV";444695,31;4889603,62;;;660;2;2;2;1;1;5;1;1;1;;9;5;1;5;;;;20;5;4;2
110;"SCORN009014";"OSPEDALE SANTA CORONA";17027;"PIETRA LIGURE";"SV";444695,31;4889603,62;;;660;2;2;2;1;1;5;1;1;1;;9;5;1;5;;;;20;5;4;2
111;"SCORN009015";"OSPEDALE SANTA CORONA";17027;"PIETRA LIGURE";"SV";1441760;4888180;;;930;2;2;2;1;1;5;1;1;1;;9;5;1;30;;;;20;5;4;2
113;"CO008005001";"COMUNE DI AURIGO";18021;"AURIGO";"IM";0;4870500;;;559;4;2;2;2;1;10;10;3;1;;3;5;1;30;7;;;;5;4;
114;"CO008008001";"COMUNE DI BORDIGHERA";18012;"BORDIGHERA";"IM";1393735,83;4848693,68;;;206;4;2;2;2;1;10;1;1;1;;3;5;1;;;;;20;3;4;
115;"CO008008002";"COMUNE DI BORDIGHERA";18012;"BORDIGHERA";"IM";1392283,32;4848515,9;;;226;4;2;2;2;1;10;1;1;1;;3;5;1;;;;;20;5;4;
116;"CO008008003";"COMUNE DI BORDIGHERA";18012;"BORDIGHERA";"IM";1392283,32;4848515,9;;;232;4;2;2;2;1;10;1;1;1;;3;5;3;;;;;20;5;4;
117;"CO008008004";"COMUNE DI BORDIGHERA";18012;"BORDIGHERA";"IM";1394038,77;4848889,02;;;192;4;2;2;2;1;10;1;1;1;;3;5;1;;;;;20;3;2;
118;"CO008013001";"COMUNE DI CARPASIO - CIMITERO";18010;"CARPASIO";"IM";409172,38;4868327,43;;;644;2;2;2;1;1;5;10;1;5;;3;5;3;;;;;20;3;2;
119;"CO008031001";"COMUNE DI IMPERIA";18100;"IMPERIA";"IM";1423386;4859962;;;764;2;2;2;1;1;5;1;1;5;;3;8;1;5;;1;;20;5;4;10
120;"CO008031002";"COMUNE DI IMPERIA";18100;"IMPERIA";"IM";420180,01;4857966,62;;;251;4;2;2;2;1;5;1;1;5;;3;5;1;5;;;;20;5;4;10
121;"CO008031003";"COMUNE DI IMPERIA";18100;"IMPERIA";"IM";421919,12;4859616,21;;;678;2;2;2;1;1;5;1;1;5;;3;8;1;5;;;;20;5;4;2
122;"CO008031004";"COMUNE DI IMPERIA";18100;"IMPERIA";"IM";423108,01;4860328,6;;;236;4;2;2;2;1;5;1;1;1;;3;5;1;5;;;;20;5;4;10
123;"CO008031006";"COMUNE DI IMPERIA";18100;"IMPERIA";"IM";422816,14;4860221,73;;;236;4;2;2;2;1;5;1;1;1;;3;5;1;5;;;;20;5;4;10
124;"CO008031007";"COMUNE DI IMPERIA";18100;"IMPERIA";"IM";422290,29;4860171,9;;;739;2;2;2;1;1;5;1;1;5;;3;5;1;5;;1;;20;5;4;10
125;"CO008031008";"COMUNE DI IMPERIA";18100;"IMPERIA";"IM";420835,42;4858507,47;;;172;4;2;2;2;1;5;1;1;1;;3;5;1;5;;;;10;5;4;
126;"CO008031009";"COMUNE DI IMPERIA";18100;"IMPERIA";"IM";0;0;;;739;2;2;2;1;1;5;1;1;5;;3;5;1;5;;;;20;5;4;10
127;"CO008031010";"COMUNE DI IMPERIA";18100;"IMPERIA";"IM";420111,71;4858991,19;;;175;4;2;2;2;2;5;1;1;5;;3;5;1;5;;;;20;5;4;2
128;"CO008031011";"COMUNE DI IMPERIA";18100;"IMPERIA";"IM";407702,8;4857077,34;;;653;2;2;2;1;1;5;1;1;5;;3;5;1;5;;1;;20;5;4;2
129;"CO008031012";"COMUNE DI IMPERIA";18100;"IMPERIA";"IM";422499,43;4859902,77;;;739;2;2;2;1;1;5;1;1;5;;3;5;1;5;;;;20;5;4;10
130;"CO008031013";"COMUNE DI IMPERIA";18100;"IMPERIA";"IM";422182,44;4860041,96;;;251;4;2;2;2;1;5;1;1;5;;3;5;1;5;;;;20;5;4;10
131;"CO008031014";"COMUNE DI IMPERIA";18100;"IMPERIA";"IM";422221,58;4861598,67;;;236;4;2;2;2;1;5;1;1;1;;3;5;1;5;;;;20;5;4;10
132;"CO008048002";"COMUNE DI RANZO";18020;"RANZO";"IM";1421676;4878908;;;268;5;2;1;1;1;10;10;1;5;;5;5;3;5;;;;20;3;2;10
133;"AEAGD008001";"AGENZIA DEL DEMANIO - VIA FINOCCHIARO APRILE 1 GE";18019;"VALLECROSIA";"IM";1390945;4849770;;;1050;2;2;2;1;1;15;10;1;5;;5;8;1;30;;;;20;5;2;
134;"CO008059001";"COMUNE DI TAGGIA";18018;"TAGGIA";"IM";1408157,5;4853799;;;226;4;2;2;2;1;10;1;1;1;;3;5;1;5;;;1;20;5;4;
135;"CO008059002";"COMUNE DI TAGGIA";18018;"TAGGIA";"IM";1407858;4854160;;;793;2;2;2;1;1;15;1;1;1;;3;8;1;5;;;1;20;5;4;10
136;"CO008059003";"COMUNE DI TAGGIA";18018;"TAGGIA";"IM";1407580;4854085;;;768;2;2;2;1;1;15;1;1;1;;3;5;1;5;;;1;20;5;4;10
137;"PR008PAP001";"AMMINISTRAZIONE PROVINCIALE DI IMPERIA";18100;"PORNASSIO";"IM";1409112;4881437;;;159;4;2;2;2;1;5;10;1;1;;3;5;1;5;;;1;5;;2;
138;"PR008PAP002";"AMMINISTRAZIONE PROVINCIALE DI IMPERIA";18100;"SAN REMO";"IM";1401298;4853523;;;259;5;2;1;1;1;10;10;1;1;;3;;1;5;;;1;20;5;;10
139;"PR008PAP003";"AMMINISTRAZIONE PROVINCIALE DI IMPERIA";18100;"IMPERIA";"IM";1421382;4859352;;;245;5;2;1;1;1;5;10;1;;;3;;1;5;;;1;20;5;4;2
140;"PR008PAP004";"AMMINISTRAZIONE PROVINCIALE DI IMPERIA";18100;"PIEVE DI TECO";"IM";1412931;4877783;;;207;5;2;1;2;1;10;10;1;1;;3;;1;5;;;1;20;5;4;10
141;"PR008PAP006";"AMMINISTRAZIONE PROVINCIALE DI IMPERIA";18100;"SAN REMO";"IM";1402403;4852913;;;259;5;2;1;1;1;10;10;1;1;;3;;1;5;;;1;20;5;;10
142;"PR008PAP007";"AMMINISTRAZIONE PROVINCIALE DI IMPERIA";18100;"VENTIMIGLIA";"IM";1388587;4849346;;;269;5;1;1;1;1;10;1;1;1;2;3;;1;5;;;1;20;5;4;
143;"AEQUE008001";"MINISTERO INFRASTRUTTURE E TRASPORTI (S.I.I.T)";18100;"IMPERIA";"IM";420839,96;4858517,18;;;236;5;2;1;1;1;10;10;1;1;;3;8;1;5;;;1;20;5;;
144;"AEAGT008001";"AGENZIA DEL TERRITORIO";18021;"IMPERIA";"IM";1422265,54;4860755,09;;;173;5;2;1;2;1;10;10;1;1;;;8;1;5;;;;20;5;;
145;"ASL04010001";"AZIENDA SANITARIA LOCALE N.4 - EX SERT AMBULATORI";16043;"CHIAVARI";"GE";528173,08;4909361,49;;;142;4;2;2;2;2;5;1;1;1;;3;5;;5;;;;20;5;;
146;"ASL04010003";"AZIENDA SANITARIA LOCALE N.4";;"BORZONASCA";"GE";530722,68;4918963,3;;;180;5;2;1;1;1;5;1;1;1;;3;5;1;5;;;;10;5;4;
147;"ASL04010005";"AZIENDA SANITARIA LOCALE N.4";;"LAVAGNA";"GE";527696,63;4906875,34;;;100;5;2;1;2;2;5;10;1;1;;5;5;;5;;;;10;5;;
148;"VISCA010001";"AZIENDA OSPEDALIERA ""VILLA SCASSI""";16149;"GENOVA";"GE";1491910,497;4917894,236;;;395;2;1;2;1;2;5;1;1;1;2;3;5;1;5;;;;5;3;4;
149;"VISCA010002";"AZIENDA OSPEDALIERA ""VILLA SCASSI""";16149;"GENOVA";"GE";1491887,857;4917828,851;;;98;5;1;1;2;2;5;1;1;1;2;3;5;1;5;;;;5;3;4;
150;"VISCA010003";"AZIENDA OSPEDALIERA ""VILLA SCASSI""";16149;"GENOVA";"GE";1491821,102;4917858,247;;;98;5;1;1;2;2;5;1;1;1;2;3;5;1;5;;;;5;3;4;
151;"VISCA010004";"AZIENDA OSPEDALIERA ""VILLA SCASSI""";16149;"GENOVA";"GE";1491835,965;4917894,638;;;98;5;1;1;2;2;5;1;1;1;2;3;5;1;5;;;;5;3;4;
152;"VISCA010005";"AZIENDA OSPEDALIERA ""VILLA SCASSI""";16149;"GENOVA";"GE";1491910,497;4917894,236;;;568;2;2;2;1;1;5;1;1;1;2;3;8;1;5;;;;20;3;4;
153;"VISCA010006";"AZIENDA OSPEDALIERA ""VILLA SCASSI""";16149;"GENOVA";"GE";1491855,547;4918167,067;;;568;2;2;2;1;1;5;1;1;1;2;3;8;1;5;;;;20;3;4;
154;"VISCA010007";"AZIENDA OSPEDALIERA ""VILLA SCASSI""";16149;"GENOVA";"GE";1491824,823;4918004,188;;;568;2;2;2;1;1;5;1;1;1;2;3;8;1;5;;;;20;3;4;
155;"VISCA010008";"AZIENDA OSPEDALIERA ""VILLA SCASSI""";16149;"GENOVA";"GE";1491871,137;4918254,985;;;75;5;2;1;2;2;5;1;1;1;2;3;5;1;5;;;;5;3;4;
156;"VISCA010009";"AZIENDA OSPEDALIERA ""VILLA SCASSI""";16149;"GENOVA";"GE";1491866,388;4917993,028;;;110;4;2;2;2;2;5;1;1;1;2;3;5;1;5;;;;5;3;4;
157;"VISCA010010";"AZIENDA OSPEDALIERA ""VILLA SCASSI""";16149;"GENOVA";"GE";1491775,283;4918178,893;;;542;2;2;2;1;1;5;1;1;1;2;3;5;1;5;;;;20;3;4;
158;"VISCA010011";"AZIENDA OSPEDALIERA ""VILLA SCASSI""";16149;"GENOVA";"GE";1491841,976;4918279,089;;;542;2;2;2;1;1;5;1;1;1;2;3;5;1;5;;;;20;3;4;
178;"GALLI010001";"E.O. OSPEDALI GALLIERA DI GENOVA - PAD. B10";16128;"GENOVA";"GE";495431,74;4916077,2;;;251;4;2;2;2;1;5;10;1;1;;9;5;3;5;;;;10;5;4;
179;"GALLI010002";"E.O. OSPEDALI GALLIERA DI GENOVA - PAD. D";16128;"GENOVA";"GE";1495437;4916115;;;828;2;2;2;1;1;10;10;1;5;;5;8;;5;;;;20;5;4;2
180;"GALLI010003";"E.O. OSPEDALI GALLIERA DI GENOVA - PAD. C";16128;"GENOVA";"GE";1495310;4916186;;;1060;1;1;2;1;1;10;1;1;5;;5;8;3;5;;;;20;5;4;2
181;"GALLI010004";"E.O.OSPEDALI GALLIERA DI GENOVA DAL PAD.B AL B8";16128;"GENOVA";"GE";1495347;4916312;;;1479;1;1;2;1;1;10;1;1;5;;9;10;3;30;;;;20;5;4;2
182;"GALLI010005";"E.O.OSPEDALI GALLIERA DI GENOVA PAD.A 2 PIANO";16128;"GENOVA";"GE";1495258;4916420;;;932;1;1;2;1;1;5;10;1;5;;5;5;1;5;;;;10;5;4;
183;"GALLI010006";"E.O.OSPEDALI GALLIERA DI GENOVA AREE ESTERNE";16128;"GENOVA";"GE";495431,74;4916077,2;;;743;2;2;2;1;1;10;10;1;;;3;5;1;5;;;;20;5;4;
184;"GASLI010001";"ISTITUTO GIANNINA GASLINI -  ABBAZIA S. GEROLAMO";16147;"GENOVA";"GE";499117,8;4915565,51;;;222;4;2;2;2;1;5;1;1;5;2;9;5;1;5;;;1;5;5;4;10
185;"GASLI010002";"ISTITUTO GIANNINA GASLINI - EDIFICIO 1";16147;"GENOVA";"GE";499117,8;4915565,51;;;327;5;1;1;1;1;10;1;1;5;2;5;5;1;5;;3;1;20;5;4;10
186;"GASLI010003";"ISTITUTO GIANNINA GASLINI - EDIFICIO 2";16147;"GENOVA";"GE";499117,8;4915565,51;;;350;5;1;1;1;1;10;1;1;5;2;9;8;1;5;;3;1;20;5;4;10
187;"GASLI010004";"ISTITUTO GIANNINA GASLINI - EDIFICIO 3";16147;"GENOVA";"GE";499117,8;4915565,51;;;339;5;1;1;1;1;10;1;1;5;2;5;8;1;5;;3;1;20;5;4;10
188;"GASLI010005";"ISTITUTO GIANNINA GASLINI - EDIFICIO 4";16147;"GENOVA";"GE";499117,8;4915565,51;;;339;5;1;1;1;1;10;1;1;5;2;5;8;1;5;;3;1;20;5;4;10
189;"GASLI010006";"ISTITUTO GIANNINA GASLINI - EDIFICIO 5";16147;"GENOVA";"GE";499117,8;4915565,51;;;701;2;2;2;1;1;5;1;1;1;2;3;5;1;5;;3;1;20;5;4;10
190;"GASLI010007";"ISTITUTO GIANNINA GASLINI - EDIFICIO 5 DEP.BOMBOLE";16147;"GENOVA";"GE";499117,8;4915565,51;;;739;2;2;2;1;1;5;1;1;5;2;3;5;1;5;;;1;20;5;4;10
191;"GASLI010008";"ISTITUTO GIANNINA GASLINI - EDIFICIO 5";16147;"GENOVA";"GE";499117,8;4915565,51;;;339;5;1;1;1;1;10;1;1;5;2;5;8;1;5;;3;1;20;5;4;10
192;"GASLI010009";"ISTITUTO GIANNINA GASLINI - EDIFICIO 6";16147;"GENOVA";"GE";499117,8;4915565,51;;;303;5;1;1;1;1;5;1;1;5;2;3;5;1;5;;3;1;20;5;4;10
193;"GASLI010010";"ISTITUTO GIANNINA GASLINI - EDIFICIO 7";16147;"GENOVA";"GE";1499044;4915629;;;1071;1;1;2;1;1;10;1;1;;2;5;5;1;5;;3;1;20;5;4;10
194;"GASLI010011";"ISTITUTO GIANNINA GASLINI - EDIFICIO 8";16147;"GENOVA";"GE";1499026;4915610;;;1011;1;1;2;1;1;5;1;1;;2;5;5;1;5;;3;1;20;5;4;10
195;"GASLI010013";"ISTITUTO GIANNINA GASLINI EDIFICIO 10";16147;"GENOVA";"GE";499117,8;4915565,51;;;339;5;1;1;1;1;10;1;1;5;2;5;8;1;5;;3;1;20;5;4;10
196;"GASLI010014";"ISTITUTO GIANNINA GASLINI EDIFICIO 11";16147;"GENOVA";"GE";499117,8;4915565,51;;;260;4;1;2;2;1;5;1;1;5;2;3;5;1;5;;3;1;10;5;4;10
197;"GASLI010015";"ISTITUTO GIANNINA GASLINI EDIFICIO 11";16147;"GENOVA";"GE";499117,8;4915565,51;;;333;5;1;1;1;1;10;1;1;5;2;3;8;1;5;;3;1;20;5;4;10
198;"GASLI010016";"ISTITUTO GIANNINA GASLINI EDIFICIO 12";16147;"GENOVA";"GE";499117,8;4915565,51;;;350;5;1;1;1;1;10;1;1;5;2;9;8;1;5;;3;1;20;5;4;10
199;"GASLI010017";"ISTITUTO GIANNINA GASLINI EDIFICIO 13";16147;"GENOVA";"GE";1499109;4915379;;;1125;1;1;2;1;1;10;1;1;5;2;5;5;1;5;;3;1;20;5;4;10
200;"GASLI010019";"ISTITUTO GIANNINA GASLINI EDIFICIO 15";16147;"GENOVA";"GE";499117,8;4915565,51;;;339;5;1;1;1;1;10;1;1;5;2;5;8;1;5;;3;1;20;5;4;10
201;"GASLI010020";"ISTITUTO GIANNINA GASLINI EDIFICIO 16";16147;"GENOVA";"GE";1499082;4915523;;;1220;1;1;2;1;1;10;1;1;5;2;9;8;1;5;;3;1;20;5;4;10
202;"GASLI010021";"ISTITUTO GIANNINA GASLINI EDIFICIO 17";16147;"GENOVA";"GE";499117,8;4915565,51;;;350;5;1;1;1;1;10;1;1;5;2;9;8;1;5;;3;1;20;5;4;10
203;"GASLI010022";"ISTITUTO GIANNINA GASLINI EDIFICIO 18";16147;"GENOVA";"GE";499117,8;4915565,51;;;292;5;1;1;1;1;5;1;1;1;2;5;5;1;5;;3;1;20;5;4;10
204;"IST00010001";"ISTITUTO NAZIONALE PER LA RICERCA SUL CANCRO";16132;"GENOVA";"GE";1497748;4917583;;;1118;2;2;2;1;1;5;1;1;1;5;5;5;1;5;;1;;20;3;4;
205;"EVANG010002";"OSPEDALE EVANGELICO INTERNAZIONALE";;"BORGIO VEREZZI";"SV";444912,76;4889883,03;;;176;5;2;1;2;1;10;1;1;5;;5;5;1;5;;;1;20;5;4;
206;"AEMOT010001";"MINISTERO TRASPORTI SIT 2  UFF MOTORIZZAZ CIVILE";16132;"GENOVA";"GE";492468,22;4917624,94;;;265;5;2;1;1;1;5;10;1;5;2;5;5;1;5;;;;20;5;4;
207;"CO010008001";"COMUNE DI CAMPO LIGURE";16013;"GENOVA";"GE";1476150;4931050;;;171;4;2;2;2;2;10;10;1;5;;5;8;1;;;;;5;3;2;
208;"CO010009001";"COMUNE DI CAMPOMORONE";16014;"GENOVA";"GE";1491170;4929670;;;133;5;2;1;2;1;5;1;1;1;;3;5;1;5;;;;20;3;4;
209;"CO010009002";"COMUNE DI CAMPOMORONE";16014;"GENOVA";"GE";1490700;4931700;;;178;4;2;2;2;1;5;1;1;1;;3;5;3;5;;;;10;5;4;
210;"CO010009003";"COMUNE DI CAMPOMORONE";16014;"GENOVA";"GE";1491220;4928200;;;216;4;2;2;2;1;5;1;1;1;;5;5;1;5;;;;20;5;4;
211;"CO010009004";"COMUNE DI CAMPOMORONE";16014;"GENOVA";"GE";1491110;4928340;;;216;4;2;2;2;1;5;1;1;1;;5;5;1;5;;;;20;5;4;
212;"CO010009005";"COMUNE DI CAMPOMORONE";16014;"GENOVA";"GE";1490400;4928300;;;460;3;2;2;1;2;5;1;1;1;;3;5;1;5;;;;20;5;4;
213;"CO010009006";"COMUNE DI CAMPOMORONE";16014;"GENOVA";"GE";1491480;4928200;;;208;4;2;2;2;1;5;1;1;1;;3;5;1;5;;;;20;5;4;
214;"CO010012001";"COMUNE DI CASELLA";16019;"CASELLA";"GE";500303,69;4931042,42;;;421;3;2;2;1;2;15;1;1;1;;5;8;1;5;;;;20;;4;
215;"CO010012010";"COMUNE DI CASELLA";16019;"CASELLA";"GE";498904,09;4931752,46;;;399;3;2;2;1;2;15;1;1;1;;3;5;1;5;;;;20;3;2;
216;"CO010012002";"COMUNE DI CASELLA";16019;"CASELLA";"GE";499925,38;4931295,85;;;208;4;2;2;2;1;5;1;1;1;;3;5;1;5;;;;20;5;4;
217;"CO010012003";"COMUNE DI CASELLA";16019;"CASELLA";"GE";500255,04;4931201,74;;;496;3;2;2;1;2;10;1;1;1;;5;5;1;5;;;;20;5;4;
218;"CO010012004";"COMUNE DI CASELLA";16019;"CASELLA";"GE";500922,02;4931013,04;;;665;3;2;2;1;2;10;1;1;1;;3;5;1;30;;;;20;5;4;
219;"CO010012005";"COMUNE DI CASELLA";16019;"CASELLA";"GE";499572,67;4930717,22;;;363;3;2;2;1;2;10;1;1;1;;5;5;1;5;;;;20;1;2;
220;"CO010012006";"COMUNE DI CASELLA";16019;"CASELLA";"GE";500238,22;4931207,82;;;568;3;2;2;1;2;15;1;1;1;;9;8;1;5;;;;20;5;4;
221;"CO010012007";"COMUNE DI CASELLA";16019;"CASELLA";"GE";499454,5;4930729,08;;;547;3;2;2;1;2;10;1;1;1;;5;5;1;30;;;;20;1;2;
222;"CO010012008";"COMUNE DI CASELLA";16019;"CASELLA";"GE";500247,81;4931068,23;;;503;3;2;2;1;2;10;1;1;1;;3;8;1;5;;;;20;5;4;
223;"CO010012009";"COMUNE DI CASELLA";16019;"CASELLA";"GE";499703,91;4930665,09;;;406;3;2;2;1;2;15;1;1;1;;5;8;1;5;;;;20;1;2;
224;"CO010015001";"COMUNE DI CHIAVARI";16043;"CHIAVARI";"GE";525831,11;4907079,01;;;216;4;1;2;2;2;5;1;1;5;;3;5;1;5;;;;20;5;4;
225;"CO010015002";"COMUNE DI CHIAVARI";16043;"CHIAVARI";"GE";526864,72;4907031,23;;;233;4;2;2;2;1;10;1;1;1;;3;8;1;5;;;;20;5;4;
226;"CO010015003";"COMUNE DI CHIAVARI";16043;"CHIAVARI";"GE";527595,59;4909091,44;;;230;4;2;2;2;1;10;1;1;1;;3;5;1;5;;;;20;5;2;10
227;"CO010015006";"COMUNE DI CHIAVARI";16043;"CHIAVARI";"GE";526076,86;4907040,55;;;236;4;2;2;2;1;5;1;1;1;;3;5;1;5;;;;20;5;4;10
228;"CO010015007";"COMUNE DI CHIAVARI";16043;"CHIAVARI";"GE";526065,37;4906998,55;;;216;4;2;2;2;1;5;1;1;1;;5;5;1;5;;;;20;5;4;
229;"CO010015008";"COMUNE DI CHIAVARI";16043;"CHIAVARI";"GE";525237,84;4908834,66;;;226;4;2;2;2;1;15;1;1;1;;5;8;1;5;;;;20;3;2;
230;"CO010015009";"COMUNE DI CHIAVARI";16043;"CHIAVARI";"GE";526968,56;4907928,02;;;236;4;2;2;2;1;5;1;1;1;;3;5;1;5;;;;20;5;4;10
231;"CO010015010";"COMUNE DI CHIAVARI";16043;"CHIAVARI";"GE";525610,17;4907761,14;;;116;5;2;1;2;2;5;1;1;1;;3;5;1;5;;;;20;5;4;
232;"CO010015014";"COMUNE DI CHIAVARI";16043;"CHIAVARI";"GE";526724,25;4907390,5;;;382;3;2;2;1;2;10;1;1;1;;3;5;1;5;;3;;20;3;2;
233;"CO010018001";"COMUNE DI COGORNO";16030;"COGORNO";"GE";528193,19;4908605,05;;;732;2;2;2;1;1;10;1;1;1;;3;5;1;5;;;;20;5;4;10
234;"CO010035001";"COMUNE DI MIGNANEGO";16018;"MIGNANEGO";"GE";493250,29;4930476,66;;;184;5;2;1;2;1;5;10;1;5;;3;5;3;;;;1;20;5;4;
235;"CO010035002";"COMUNE DI MIGNANEGO";16018;"MIGNANEGO";"GE";492461,25;4930983,52;;;140;5;2;1;2;1;5;10;1;5;;3;5;1;5;;;1;20;5;4;2
236;"CO010035003";"COMUNE DI MIGNANEGO";16018;"MIGNANEGO";"GE";493314,7;4930703,07;;;220;5;2;1;2;1;15;10;1;1;;;;1;5;;;1;20;5;4;10
237;"CO010035004";"COMUNE DI MIGNANEGO";16018;"MIGNANEGO";"GE";495080,45;4931940,77;;;131;5;2;1;2;1;5;10;1;1;;3;5;1;5;;;1;5;5;4;2
239;"CO010035005";"COMUNE DI MIGNANEGO";16018;"MIGNANEGO";"GE";494636,26;4931897,35;;;375;4;2;2;2;1;5;10;3;5;;3;5;;;3;;1;;5;4;
240;"CO010045001";"COMUNE DI PROPATA";16027;"PROPATA";"GE";514798,74;4934362,12;;;606;2;2;2;1;1;5;10;1;1;;5;5;1;5;;;1;20;3;2;
241;"CO010054001";"COMUNE DI SANTA MARGHERITA LIGURE";16038;"SANTA MARGHERITA LIGURE";"GE";1516235;4908626;;;924;2;2;2;1;1;10;10;1;1;;5;5;3;30;;;;20;3;2;
242;"CO010054002";"COMUNE DI SANTA MARGHERITA LIGURE";16038;"SANTA MARGHERITA LIGURE";"GE";1516762;4908379;;;1098;2;2;2;1;1;10;10;1;5;;5;8;1;30;;;;20;5;4;
243;"CO010059012";"COMUNE DI SESTRI LEVANTE";16039;"SESTRI LEVANTE";"GE";1531380;4901910;;;148;5;2;1;2;1;5;1;1;1;;3;5;1;5;;;;20;5;4;
244;"CO010059002";"COMUNE DI SESTRI LEVANTE";16039;"SESTRI LEVANTE";"GE";1532690;4902350;;;186;4;2;2;2;1;5;1;1;5;;3;5;1;5;;;;10;5;4;
245;"CO010059006";"COMUNE DI SESTRI LEVANTE";16039;"SESTRI LEVANTE";"GE";1534560;4904600;;;610;2;2;2;1;1;5;1;1;1;;3;5;1;5;;;;20;5;4;
246;"CO010059007";"COMUNE DI SESTRI LEVANTE";16039;"SESTRI LEVANTE";"GE";1533440;4901670;;;610;2;2;2;1;1;5;1;1;1;;3;5;1;5;;;;20;5;4;
247;"CO010059008";"COMUNE DI SESTRI LEVANTE";16039;"SESTRI LEVANTE";"GE";1532080;4901930;;;256;4;2;2;2;1;10;1;1;5;;5;8;1;5;;;;20;5;4;
248;"CO010059010";"COMUNE DI SESTRI LEVANTE";16039;"SESTRI LEVANTE";"GE";1531630;4902210;;;186;4;2;2;2;1;5;1;1;5;;3;5;1;5;;;;10;5;4;
249;"CO010059011";"COMUNE DI SESTRI LEVANTE";16039;"SESTRI LEVANTE";"GE";1531630;4902210;;;222;4;2;2;2;1;5;1;1;5;;3;5;1;5;;;;20;5;4;
250;"CO010060001";"COMUNE DI SORI";16030;"SORI";"GE";1508710;4914030;;;578;2;2;2;1;1;10;1;1;1;;3;5;1;;;;1;20;3;4;
251;"CO010056001";"COMUNE DI SANTO STEFANO D'AVETO";16049;"SANTO STEFANO D'AVETO";"GE";1535871;4932635;;;884;2;2;2;1;1;10;10;1;5;;3;5;3;5;;;;20;5;4;10
252;"CO010062001";"COMUNE DI TORRIGLIA";16029;"TORRIGLIA";"GE";510358,98;4926324,76;;;545;2;2;2;1;1;10;1;1;;;5;5;1;5;;;;20;3;2;
253;"CO010062002";"COMUNE DI TORRIGLIA";16029;"TORRIGLIA";"GE";513932,84;4932523,98;;;492;2;2;2;1;1;5;1;1;;;3;5;1;5;;;;20;3;2;
254;"CO010062003";"COMUNE DI TORRIGLIA";16029;"TORRIGLIA";"GE";513614,26;4930858,31;;;492;2;2;2;1;1;5;1;1;;;3;5;1;5;;;;20;3;2;
255;"CO010062004";"COMUNE DI TORRIGLIA";16029;"TORRIGLIA";"GE";512629,17;4929395,37;;;460;3;2;2;1;2;5;1;1;;;3;5;1;5;;;;20;5;4;
256;"CO010062005";"COMUNE DI TORRIGLIA";16029;"TORRIGLIA";"GE";512734,03;4929203,14;;;626;2;2;2;1;1;5;1;1;;;5;5;1;5;;;;20;5;4;
257;"CO010067001";"COMUNE DI ZOAGLI";16030;"ZOAGLI";"GE";1521329,39;4909402,81;;;200;4;2;2;2;1;5;1;1;1;;3;5;1;5;;;;10;5;4;10
258;"CO010051001";"COMUNE DI ROSSIGLIONE";16010;"ROSSIGLIONE";"GE";1473700;4934320;;;237;4;2;2;2;1;5;10;1;5;;3;5;1;5;;;;20;3;2;
259;"ASPR3010001";"PRIVATO 3 ROSSIGLIONE";16010;"ROSSIGLIONE";"GE";1473700;4934320;;;241;4;2;2;2;2;10;10;1;5;;5;8;1;5;;;;20;5;4;
260;"ASPR1010001";"PRIVATO 1 ROSSIGLIONE";16010;"ROSSIGLIONE";"GE";1473700;4934320;;;241;4;2;2;2;2;10;10;1;5;;5;8;1;5;;;;20;5;4;
261;"ASPR2010001";"PRIVATO 2 ROSSIGLIONE";16010;"ROSSIGLIONE";"GE";1473700;4934320;;;232;4;2;2;2;2;10;10;1;5;;3;8;1;5;;;;20;5;4;
262;"ASPR4010001";"PRIVATO 4  ROSSIGLIONE";16010;"ROSSIGLIONE";"GE";1473700;4934320;;;232;4;2;2;2;2;10;10;1;5;;3;8;1;5;;;;20;5;4;
264;"AEMBC011001";"MINISTERO BENI E ATTIVITA' CULTURALI";;"ORTONOVO";"SP";1581500;4879550;;;232;4;2;2;2;1;10;1;1;5;;9;5;1;5;;;1;20;3;2;
265;"PR011EP0001";"PROVINCIA DELLA SPEZIA";;"LA SPEZIA";"SP";1566887;4884613;;;1107;1;1;2;1;1;5;1;1;5;;9;5;1;5;;;;20;5;4;10
266;"PR011EP0002";"PROVINCIA DELLA SPEZIA";;"LA SPEZIA";"SP";1567929;4885348;;;1107;1;1;2;1;1;5;1;1;5;;9;5;1;5;;;;20;5;4;10
267;"PR011EP0004";"PROVINCIA DELLA SPEZIA";;"LA SPEZIA";"SP";567697,9;4884837,2;;;690;2;2;2;1;1;10;1;1;1;;5;8;1;5;;;;20;5;2;10
268;"PR011EP0005";"PROVINCIA DELLA SPEZIA";19122;"LA SPEZIA";"SP";567408,21;4886289,45;;;259;4;1;2;2;1;5;1;1;1;;5;5;1;5;;;;20;5;4;2
269;"PR011EP0006";"PROVINCIA DELLA SPEZIA";19122;"SARZANA";"SP";1577113;4885269;;;1053;1;1;2;1;1;5;1;1;1;;9;5;1;5;;;;20;5;4;10
270;"PR011EP0007";"PROVINCIA DELLA SPEZIA";;"LA SPEZIA";"SP";564736,73;4884426,04;;;256;5;2;1;1;1;5;1;1;1;;5;5;1;5;;;;20;5;4;10
271;"PR011EP0008";"PROVINCIA DELLA SPEZIA";;"LA SPEZIA";"SP";564932,62;4884552,53;;;288;4;1;2;2;1;5;1;1;1;;5;5;1;5;;;;20;5;4;10
272;"PR011EP0009";"PROVINCIA DELLA SPEZIA";;"LA SPEZIA";"SP";564987,87;4884472,29;;;236;4;2;2;2;1;5;1;1;1;;3;5;1;5;;;;20;5;4;10
273;"PR011EP0010";"PROVINCIA DELLA SPEZIA";;"LA SPEZIA";"SP";565507,83;4884225,96;;;245;4;2;2;2;1;5;1;1;1;;5;5;1;5;;;;20;5;4;10
274;"PR011EP0011";"PROVINCIA DELLA SPEZIA";;"LA SPEZIA";"SP";565996,51;4884175,68;;;713;2;2;2;1;1;5;1;1;1;;5;5;1;5;;;;20;5;4;10
275;"PR011EP0012";"PROVINCIA DELLA SPEZIA";;"LA SPEZIA";"SP";564849,87;4884373,27;;;316;4;1;2;2;2;5;1;3;1;;5;5;1;;3;;;5;5;4;
276;"PR011EP0013";"PROVINCIA DELLA SPEZIA";19122;"LA SPEZIA";"SP";1566622;4884374;;;918;1;1;2;1;1;5;1;1;5;;3;5;1;5;;;;20;5;4;2
277;"PR011EP0014";"PROVINCIA DELLA SPEZIA";;"LERICI";"SP";573299,55;4880906,87;;;740;2;1;2;1;2;10;1;3;1;;5;8;1;5;3;;;5;3;2;
278;"PR011EP0015";"PROVINCIA DELLA SPEZIA";;"LA SPEZIA";"SP";566210,31;4884134,06;;;626;2;2;2;1;1;5;1;1;1;;5;5;1;5;;;;20;5;4;2
279;"PR011EP0016";"PROVINCIA DELLA SPEZIA";;"SESTA GODANO";"SP";553907,7;4904722,86;;;460;3;2;2;1;2;5;1;1;1;;3;5;1;5;;;;20;5;4;2
280;"PR011EP0017";"PROVINCIA DELLA SPEZIA";19122;"SESTA GODANO";"SP";553892,25;4904729,57;;;460;3;2;2;1;2;5;1;1;1;;3;5;1;5;;;;20;5;4;2
281;"PR011EP0019";"PROVINCIA DELLA SPEZIA";19122;"VEZZANO LIGURE";"SP";0;0;;;507;3;2;2;1;2;10;1;3;1;;9;8;1;5;;;;;;;
282;"PR011EP0020";"PROVINCIA DELLA SPEZIA";;"ARCOLA";"SP";0;0;;;357;3;2;2;1;2;5;1;1;1;;3;5;1;5;;;;20;3;2;
283;"PR011EP0021";"PROVINCIA DELLA SPEZIA";;"BEVERINO";"SP";0;0;;;411;3;2;2;1;2;5;1;3;1;;3;5;1;5;;;;;3;2;
284;"PR011EP0022";"PROVINCIA DELLA SPEZIA";;"CARRODANO";"SP";0;0;;;247;3;2;2;1;2;5;1;1;1;;3;5;1;5;;;;;3;2;
285;"PR011EP0023";"PROVINCIA DELLA SPEZIA";;"CARRODANO";"SP";0;0;;;583;3;2;2;1;2;5;1;3;1;;3;5;1;5;;;;;5;4;
286;"PR011EP0024";"PROVINCIA DELLA SPEZIA";;"DEIVA MARINA";"SP";0;0;;;362;3;2;2;1;2;5;1;3;1;;3;5;1;5;;;;;1;2;
287;"PR011EP0025";"PROVINCIA DELLA SPEZIA";;"LA SPEZIA";"SP";0;0;;;217;3;2;2;1;2;5;1;1;1;;3;5;1;5;;;;;1;2;
288;"PR011EP0026";"PROVINCIA DELLA SPEZIA";;"LA SPEZIA";"SP";0;0;;;247;3;2;2;1;2;5;1;1;1;;3;5;1;5;;;;;3;2;
289;"PR011EP0027";"PROVINCIA DELLA SPEZIA";;"SARZANA";"SP";0;0;;;411;3;2;2;1;2;5;1;3;;;3;5;1;5;;;;;3;2;
290;"PR011EP0028";"PROVINCIA DELLA SPEZIA";;"ORTONOVO";"SP";0;0;;;485;3;2;2;1;2;5;1;3;1;;3;5;1;5;;;;;3;4;
291;"CO011001001";"COMUNE DI AMEGLIA";19031;"AMEGLIA";"SP";1577810;4878365;;;221;4;2;2;2;1;10;1;1;1;;3;5;1;5;;;;20;3;2;10
292;"CO011004001";"COMUNE DI BOLANO";19020;"BOLANO";"SP";1571755;4893285;;;231;4;2;2;2;1;5;10;1;1;;5;5;1;;;;1;20;3;2;
293;"CO011004002";"COMUNE DI BOLANO";;"BOLANO";"SP";1570428;4891310;;;201;4;2;2;2;1;5;10;1;1;;3;5;1;;;;;10;3;4;
294;"CO011004003";"COMUNE DI BOLANO";;"BOLANO";"SP";1570325;4891883;;;244;4;2;2;2;1;10;10;1;;;;8;3;5;;;1;20;1;;
295;"CO011004004";"COMUNE DI BOLANO";;"BOLANO";"SP";1570227;4893870;;;202;4;2;2;2;1;5;10;1;1;;3;5;3;5;;;1;10;5;2;
296;"CO011004005";"COMUNE DI BOLANO";;"BOLANO";"SP";1570749;4890989;;;265;4;2;2;2;1;5;10;1;1;;5;5;1;;;;1;20;5;4;
297;"CO011004006";"COMUNE DI BOLANO";19020;"BOLANO";"SP";1570561;4890735;;;541;4;2;2;2;1;10;10;1;1;5;5;8;1;;;;1;20;3;4;
298;"CO011004007";"COMUNE DI BOLANO";;"BOLANO";"SP";1570546;4891015;;;726;2;2;2;1;1;5;10;1;;2;5;5;1;;;1;1;20;5;2;10
299;"CO011014001";"COMUNE DI FRAMURA";;"FRAMURA";"SP";544457,02;4894779,15;;;384;2;2;2;1;1;5;1;1;1;;3;5;1;5;;;;10;3;2;
300;"CO011020001";"COMUNE DI ORTONOVO";19034;"ORTONOVO";"SP";583079,74;4881353,81;;;659;2;2;2;1;1;10;10;1;1;;3;5;;5;;;;20;5;2;2
301;"CO011021001";"COMUNE DI PIGNONE";19020;"PIGNONE";"SP";557077,69;4893230,38;;;148;4;2;2;2;2;5;10;1;1;;3;5;1;;;;;5;3;4;
302;"CO011021002";"COMUNE DI PIGNONE";19020;"PIGNONE";"SP";0;0;;;223;4;2;2;2;2;5;10;3;1;;3;;1;;1;;;5;3;;
303;"CO011021003";"COMUNE DI PIGNONE";19020;"PIGNONE";"SP";0;0;;;640;2;2;2;1;1;5;10;1;1;;3;5;1;;;;;20;3;4;
304;"CO011021004";"COMUNE DI PIGNONE";19020;"PIGNONE";"SP";557112,09;4893105,72;;;724;2;2;2;1;1;5;10;1;1;;5;5;;;;;;20;5;4;
305;"CO011022001";"COMUNE DI PORTOVENERE";19025;"PORTOVENERE";"SP";566771,84;4879575,73;;;696;2;2;2;1;1;5;1;1;1;;3;5;1;5;;;;20;5;4;10
306;"CO011031001";"COMUNE DI VEZZANO LIGURE";19020;"VEZZANO LIGURE";"SP";568156,45;4888302,53;;;589;2;2;2;1;1;5;10;1;1;;3;5;1;5;;;;20;3;2;2
307;"CO011031002";"COMUNE DI VEZZANO LIGURE";19020;"VEZZANO LIGURE";"SP";0;0;;;625;2;2;2;1;1;10;10;1;1;;3;5;1;5;;;;20;3;2;2
308;"CO011031003";"COMUNE DI VEZZANO LIGURE";19020;"VEZZANO LIGURE";"SP";570455,45;4887842,23;;;659;2;2;2;1;1;10;10;1;1;;3;5;1;5;;;;20;5;2;2
309;"CO011031004";"COMUNE DI VEZZANO LIGURE";19020;"VEZZANO LIGURE";"SP";571080,62;4888086;;;172;5;2;1;2;1;5;10;1;1;;3;5;1;5;;;;20;5;4;2
310;"LCCE0111001";"CHIESA EVANGELICA DEI FRATELLI DI CASTELN.  MAGRA";19124;"CASTELNUOVO MAGRA";"SP";581537,59;4882200,87;;;237;5;2;1;1;1;5;10;1;1;;3;5;1;;;;1;10;5;4;10
312;"CO009006001";"COMUNE DI ANDORA";;"ANDORA";"SV";0;0;;;682;2;2;2;1;1;15;1;1;1;;3;5;;;;;;20;5;4;
313;"CO009006002";"COMUNE DI ANDORA";;"ANDORA";"SV";431404,79;4867176,75;;;743;2;2;2;1;1;15;1;1;1;;5;8;;;;;;20;3;4;10
314;"CO009006003";"COMUNE DI ANDORA";17051;"ANDORA";"SV";430977,59;4867535,81;;;606;2;2;2;1;1;15;1;1;1;;5;8;;;;;;20;3;2;
315;"CO009006004";"COMUNE DI ANDORA";;"ANDORA";"SV";430776,62;4867881,25;;;606;2;2;2;1;1;15;1;1;1;;5;8;;;;;1;20;3;2;2
316;"CO009006005";"COMUNE DI ANDORA";;"ANDORA";"SV";431577,35;4866969,69;;;724;2;2;2;1;1;15;1;1;1;;5;8;;;;;;20;5;4;2
317;"CO009015001";"COMUNE DI CAIRO MONTENOTTE";;"SAVONA";"SV";1446110;4912920;;;480;2;2;2;1;1;15;1;1;;;;8;1;5;;;;;;;10
320;"CO009015002";"COMUNE DI CAIRO MONTENOTTE";;"CAIRO MONTENOTTE";"SV";1442680;4914770;;;589;2;2;2;1;1;15;1;1;;;3;8;1;5;;;;20;3;2;2
321;"CO009015003";"COMUNE DI CAIRO MONTENOTTE";;"CAIRO MONTENOTTE";"SV";1444640;4913750;;;793;2;2;2;1;1;15;1;1;;;3;8;1;5;;;;20;5;4;10
322;"CO009015004";"COMUNE DI CAIRO MONTENOTTE";;"CAIRO MONTENOTTE";"SV";1453285;4917825;;;293;4;2;2;2;2;15;10;3;5;;3;5;1;5;3;;;5;3;2;
323;"CO009015005";"COMUNE DI CAIRO MONTENOTTE";;"CAIRO MONTENOTTE";"SV";1441720;4917050;;;676;2;2;2;1;1;15;1;1;1;;5;8;1;5;;;;20;;4;10
324;"CO009015006";"COMUNE DI CAIRO MONTENOTTE (SCUOLA MATERNA BUGLIO)";;"CAIRO MONTENOTTE";"SV";1443135;4916645;;;246;4;2;2;2;1;15;1;1;1;;3;8;1;5;;;;20;3;2;10
325;"CO009015007";"COMUNE DI CAIRO MONTENOTTE (SCUOLA)";;"CAIRO MONTENOTTE";"SV";1442000;4916755;;;659;2;2;2;1;1;15;1;1;1;;3;8;1;5;;;;20;;4;10
326;"CO009015008";"COMUNE DI CAIRO MONTENOTTE";;"CAIRO MONTENOTTE";"SV";1442900;4917030;;;692;2;2;2;1;1;15;1;1;1;;5;8;1;5;;;;20;3;2;10
328;"CO009015009";"COMUNE DI CAIRO MONTENOTTE (PISCINA)";;"CAIRO MONTENOTTE";"SV";1442750;4916165;;;589;2;2;2;1;1;15;1;1;1;;;8;1;5;;;;20;3;;2
330;"CO009015010";"COMUNE DI CAIRO MONTENOTTE (CAMPO DI CALCIO)";;"CAIRO MONTENOTTE";"SV";1442398;4916744;;;810;2;2;2;1;1;15;1;1;1;;5;8;1;5;;;;20;5;4;10
331;"CO009015011";"COMUNE DI CAIRO MONTENOTTE (BOCCIOFILA)";;"CAIRO MONTENOTTE";"SV";1442310;4916860;;;656;2;2;2;1;1;15;1;1;1;;5;8;1;5;;;;20;3;4;2
332;"CO009015012";"COMUNE DI CAIRO MONTENOTTE (CROCE BIANCA)";;"CAIRO MONTENOTTE";"SV";1441890;4917260;;;224;4;2;2;2;1;15;1;1;1;;3;5;1;5;;;;20;3;4;2
334;"CO009015013";"COMUNE DI CAIRO MONTENOTTE (MAGAZZINO COMUNALE)";;"CAIRO MONTENOTTE";"SV";1441830;4917240;;;170;4;2;2;2;2;15;1;1;1;;3;5;1;5;;;;20;3;4;2
335;"CO009015014";"COMUNE DI CAIRO MONTENOTTE (PALAZZO COMUNALE)";;"CAIRO MONTENOTTE";"SV";1442500;4916335;;;724;2;2;2;1;1;15;1;1;1;;5;8;1;5;;;;20;5;4;2
336;"CO009022001";"COMUNE DI CELLE LIGURE";;"CELLE LIGURE";"SV";1463335,52;4910750,45;;;357;3;2;2;1;2;5;1;1;1;;3;5;1;5;;1;;20;3;2;2
337;"CO009022002";"COMUNE DI CELLE LIGURE";;"CELLE LIGURE";"SV";1463465,9;4910702,07;;;492;2;2;2;1;1;5;1;1;1;;3;5;1;5;;;;20;3;2;
338;"CO009022004";"COMUNE DI CELLE LIGURE";;"CELLE LIGURE";"SV";1462556,7;4909475,7;;;492;2;2;2;1;1;5;1;1;1;;3;5;1;5;;1;;20;3;2;
339;"CO009034001";"COMUNE DI LOANO";;"LOANO";"SV";0;0;;;420;4;2;2;2;1;15;1;3;1;;3;5;1;5;3;;;20;5;4;
340;"CO009034002";"COMUNE DI LOANO";;"LOANO";"SV";0;0;;;378;4;2;2;2;1;15;1;3;1;;3;5;1;5;3;;;5;5;4;10
341;"CO009034003";"COMUNE DI LOANO";;"LOANO";"SV";0;0;;;210;4;2;2;2;1;15;1;1;1;;3;;1;5;;;;20;3;2;
342;"CO009034004";"COMUNE DI LOANO";;"LOANO";"SV";0;0;;;120;4;2;2;2;2;15;1;1;1;;3;5;1;5;;;;5;3;2;
343;"CO009049002";"COMUNE DI PIETRA LIGURE";;"PIETRA LIGURE";"SV";441884,41;4888352,79;;;229;4;2;2;2;1;15;1;1;;;3;5;1;;;;;20;1;;10
344;"CO009049004";"COMUNE DI PIETRA LIGURE";;"PIETRA LIGURE";"SV";0;0;;;146;4;2;2;2;2;15;1;1;1;;;;1;;;;;20;;;
346;"CO009049005";"COMUNE DI PIETRA LIGURE";;"PIETRA LIGURE";"SV";0;0;;;364;2;2;2;1;1;5;1;1;1;;3;;1;;;;;5;5;2;
347;"CO009049007";"COMUNE DI PIETRA LIGURE";;"PIETRA LIGURE";"SV";0;0;;;120;4;2;2;2;2;15;1;1;1;;3;;1;;;;;5;3;2;
348;"CO009038003";"COMUNE DI MILLESIMO";;"MILLESIMO";"SV";1436250;491400;;;589;2;2;2;1;1;5;10;1;1;;3;5;1;5;;;;20;3;2;
349;"CO009052001";"COMUNE DI QUILIANO";;"QUILIANO";"SV";1450690,551;4908941,862;;;230;4;2;2;2;2;5;10;1;1;;3;5;1;30;;;;20;3;2;
350;"CO009056001";"COMUNE DI SAVONA";;"SAVONA";"SV";457172,34;4908981,46;;;242;4;2;2;2;1;5;1;3;1;;3;5;1;5;7;;1;;3;2;
351;"CO009056002";"COMUNE DI SAVONA";;"SAVONA";"SV";456485,18;4904861,29;;;713;2;2;2;1;1;5;1;1;1;;5;5;1;;;;1;20;5;4;10
352;"CO009056018";"COMUNE DI SAVONA";;"SAVONA";"SV";0;0;;;234;4;2;2;2;1;10;1;1;1;;5;5;1;;;;1;20;5;4;2
353;"CO009056023";"COMUNE DI SAVONA";;"SAVONA";"SV";458709,94;4906042,73;;;216;4;2;2;2;1;5;1;1;1;;5;5;1;5;;;1;20;5;4;
354;"CO009056027";"COMUNE DI SAVONA";;"SAVONA";"SV";458331,18;4906754,76;;;312;4;1;2;2;1;10;1;1;1;;5;;1;5;;;1;20;5;4;10
355;"CO009056028";"COMUNE DI SAVONA";;"SAVONA";"SV";457356,91;4907873,55;;;205;5;1;1;2;1;5;1;1;1;2;5;5;1;5;;;1;20;5;4;10
356;"CO009056029";"COMUNE DI SAVONA";;"SAVONA";"SV";458751,55;4906130,93;;;288;4;1;2;2;1;5;1;1;1;;5;5;1;5;;;1;20;5;4;10
357;"CO009056031";"COMUNE DI SAVONA";;"SAVONA";"SV";458292,77;4907089,73;;;288;4;1;2;2;1;5;1;1;1;2;5;;1;5;;;1;20;5;4;10
359;"CO009061001";"COMUNE DI TOIRANO - PALAZZETTO DELLO SPORT";;"TOIRANO";"SV";1436500;4886000;;;205;5;2;1;2;1;15;1;1;1;;5;8;1;5;;;;20;5;4;10
360;"CO009064001";"COMUNE DI VADO LIGURE - PALAZZO COMUNALE";17047;"VADO LIGURE";"SV";1455038;4901955;;;244;4;2;2;2;1;15;1;1;;;3;5;1;5;;;;20;5;4;
362;"CO009064003";"COMUNE DI VADO LIGURE - SALA CONSILIARE E RIUNIONI";;"VADO LIGURE";"SV";1455033;4901860;;;172;4;2;2;2;1;10;1;1;1;;3;5;1;5;;;;;5;4;
363;"CO009064004";"COMUNE DI VADO LIGURE - SCUOLE ELEMENTARI";;"VADO LIGURE";"SV";1454969;4901909;;;270;4;2;2;2;1;10;1;1;1;;5;8;1;5;;;;20;5;4;10
364;"CO009064005";"COMUNE DI VADO LIGURE - SCUOLE MEDIE";;"VADO LIGURE";"SV";1455198;4902447;;;236;4;2;2;2;1;5;1;1;1;;3;5;1;5;;;;20;5;4;10
365;"CO009064006";"COMUNE DI VADO LIGURE - BOCCIOFILA";;"VADO LIGURE";"SV";1454966;4902124;;;180;4;2;2;2;1;10;1;1;1;;5;5;1;;;;;;5;4;
366;"CO009064007";"COMUNE DI VADO LIGURE - CIMITERO";;"VADO LIGURE";"SV";1453722;4902017;;;199;4;2;2;2;1;10;1;1;1;;3;8;1;5;;;;20;3;2;
367;"CO009064008";"COMUNE DI VADO LIGURE - EX ASILO VALLE";;"VADO LIGURE";"SV";1453506;4901263;;;448;2;2;2;1;1;5;1;1;1;;3;5;1;5;;;;5;5;4;
368;"CO009064009";"COMUNE DI VADO LIGURE - SCUOLE ELEMENTARI";;"VADO LIGURE";"SV";1453272;4901353;;;595;2;2;2;2;1;5;1;1;1;;5;5;1;5;;;;20;3;2;10
369;"CO009064010";"COMUNE DI VADO LIGURE - MAGAZZINO";;"VADO LIGURE";"SV";1453382;4901079;;;184;4;2;2;2;2;5;1;3;1;;3;5;3;5;3;;;;3;2;
370;"CO009064011";"COMUNE DI VADO LIGURE - EX SCUOLA ELEMENTARE SEGNO";;"VADO LIGURE";"SV";1450835;4900240;;;138;4;2;2;2;1;5;1;1;1;;3;5;1;5;;;;10;3;2;
371;"CO009064012";"COMUNE DI VADO LIGURE - EX CASA DI RIPOSO";;"VADO LIGURE";"SV";1455118;4901976;;;226;4;2;2;2;1;10;1;1;1;;3;5;1;5;;;;20;5;4;
372;"ASL02009001";"AZIENDA SANITARIA LOCALE N. 2";;"ALBENGA";"SV";1437509,5;4877535,6;;;671;2;2;2;1;1;10;1;1;1;;3;8;1;5;;;;20;5;4;
373;"ASL02009002";"AZIENDA SANITARIA LOCALE N. 2";;"ALBENGA";"SV";1437421,35;4877553,15;;;610;2;2;2;1;1;5;1;1;1;;3;5;1;5;;;;20;5;4;
374;"ASL02009003";"AZIENDA SANITARIA LOCALE N. 2";;"ALBENGA";"SV";1437048,56;4877470,72;;;638;2;2;2;1;1;5;1;1;1;;5;5;3;5;;;;20;5;4;
375;"ASL02009004";"AZIENDA SANITARIA LOCALE N. 2";;"CARCARE";"SV";1443300;4912250;;;528;2;2;2;1;1;10;1;1;1;;3;5;1;5;;;;20;3;2;
376;"ASL02009005";"AZIENDA SANITARIA LOCALE N. 2";17100;"SAVONA";"SV";1459383,325581;4907520,17445;;;180;5;1;1;1;1;10;1;1;1;;9;8;1;5;;1;;5;3;2;
377;"ASL02009006";"AZIENDA SANITARIA LOCALE N. 2";;"SAVONA";"SV";1456322;4904637;;;948;2;2;2;1;1;10;1;3;1;;5;5;1;5;3;;;20;3;2;
378;"ASL02009007";"AZIENDA SANITARIA LOCALE N. 2";;"SAVONA";"SV";1457909,465156;4905846,7674;;;216;5;2;1;1;1;10;1;1;1;;5;8;1;5;;;;20;5;2;
379;"ASL02009008";"AZIENDA SANITARIA LOCALE N. 2";;"TOIRANO";"SV";1436656;4886179;;;856;1;1;2;1;1;10;1;1;1;;9;8;;5;;1;;20;3;2;
380;"CO008031005";"COMUNE DI IMPERIA";;"IMPERIA";"IM";422833,38;4860147,04;;;292;5;2;1;1;1;10;1;1;5;;3;8;1;5;;1;;20;5;4;10
381;"CO008038001";"COMUNE DI OLIVETTA SAN MICHELE";18030;"OLIVETTA SAN MICHELE";"IM";1380734;4859589;;;1378;2;2;2;1;1;10;10;3;;;3;5;3;5;7;;;20;5;4;
382;"CO008048001";"COMUNE DI RANZO";;"RANZO";"IM";1420236;4879405;;;379;4;2;2;2;1;5;10;3;;;3;5;;5;7;;;5;5;4;
383;"PR008PAP005";"AMMINISTRAZIONE PROVINCIALE DI IMPERIA";;"PORNASSIO";"IM";1408904;4879924;;;541;2;2;2;1;1;10;10;1;;;;8;1;5;;;1;;1;;10
385;"PR008PAP008";"AMMINISTRAZIONE PROVINCIALE DI IMPERIA";;"IMPERIA";"IM";1422515;4860016;;;358;4;2;2;2;1;15;10;1;1;;3;;1;30;;;1;20;5;;2
386;"AEMBC008001";"MINIST BENI E ATTIV CULTURALI - ARCHIVIO DI STATO";;"IMPERIA";"IM";421824,37;4859776,3;;;533;4;2;2;2;1;15;10;3;1;;3;5;;30;7;;1;5;3;2;
387;"ASL04010002";"AZIENDA SANITARIA LOCALE N.4";;"SANTA MARGHERITA LIGURE";"GE";516725,52;4908960,6;;;158;5;2;1;2;1;5;10;1;;;5;;;;;;;20;5;;
388;"ASL04010004";"AZIENDA SANITARIA LOCALE N.4";;"RAPALLO";"GE";518437,45;4910882,19;;;158;5;2;1;2;1;5;10;1;1;;5;;;5;;;;20;5;;
389;"GASLI010012";"ISTITUTO GIANNINA GASLINI EDIFICIO 9";16147;"GENOVA";"GE";499116,65;4915564,2;;;739;2;2;2;1;1;5;1;1;5;2;3;5;1;5;;;1;20;5;4;10
390;"GASLI010018";"ISTITUTO GIANNINA GASLINI EDIFICIO 14";16147;"GENOVA";"GE";499116,65;4915564,2;;;320;5;1;1;1;1;15;1;1;;;3;;;5;;;1;20;5;4;10
391;"EVANG010001";"OSPEDALE EVANGELICO INTERNAZIONALE";16122;"GENOVA";"GE";1495488;4917879;;;194;5;1;1;2;1;5;1;1;5;;5;5;1;5;;;1;20;5;4;
392;"CO010025001";"COMUNE DI GENOVA";;"GENOVA";"GE";496349,45;4917385,63;;;743;2;2;2;1;1;10;1;1;5;;5;8;3;5;;;;20;5;4;
393;"CO010025002";"COMUNE DI GENOVA";;"GENOVA";"GE";495028,82;4917141,25;;;460;4;1;2;2;1;15;10;1;5;;5;;1;30;;;;20;5;4;
394;"CO010025003";"COMUNE DI GENOVA";;"GENOVA";"GE";492178,3;4921155,83;;;304;4;2;2;2;1;10;10;1;5;;5;8;1;5;;;;20;5;4;
395;"CO010025004";"COMUNE DI GENOVA";;"GENOVA";"GE";495910,99;4918864,24;;;297;4;2;2;2;1;10;10;1;5;;5;5;1;5;;;;20;5;4;
396;"CO010025005";"COMUNE DI GENOVA";;"GENOVA";"GE";1491856;4918695;;;1610;2;2;2;1;1;10;10;3;5;;3;5;1;30;7;;;5;5;4;
397;"CO010025006";"COMUNE DI GENOVA";;"GENOVA";"GE";1487615;4919574;;;803;2;2;2;1;1;10;10;1;5;;5;5;1;5;;;;20;5;4;
398;"CO010025007";"COMUNE DI GENOVA";;"GENOVA";"GE";1495189;4916776;;;803;2;2;2;1;1;10;10;1;5;;5;5;1;5;;;;20;5;4;
399;"CO010025008";"COMUNE DI GENOVA";;"GENOVA";"GE";493172,34;4922746,71;;;289;4;2;2;2;1;10;10;1;5;;3;5;1;5;;;;20;5;4;
400;"CO010025009";"COMUNE DI GENOVA";;"GENOVA";"GE";1486200;4919458;;;976;2;2;2;1;1;10;1;1;5;;5;5;1;30;;;;20;5;4;
401;"CO010025010";"COMUNE DI GENOVA";;"GENOVA";"GE";1478649;4920721;;;912;2;2;2;1;1;10;10;3;5;;5;5;1;5;3;;;5;3;2;
402;"CO010025011";"COMUNE DI GENOVA";;"GENOVA";"GE";1492220;4922447;;;1361;3;2;2;1;2;10;1;3;5;5;5;8;3;5;7;;;5;5;4;
403;"CO010025012";"COMUNE DI GENOVA";;"GENOVA";"GE";1492329;4926577;;;786;2;2;2;1;1;10;10;1;5;;3;5;1;5;;;;20;5;4;
404;"CO010025013";"COMUNE DI GENOVA";;"GENOVA";"GE";0;0;;;262;5;2;1;1;1;10;10;1;1;;5;5;1;5;;;;20;5;4;
405;"CO010025014";"COMUNE DI GENOVA";;"GENOVA";"GE";1493006;4928312;;;1110;2;2;2;1;1;10;10;3;5;;5;8;1;5;;;;5;5;4;
406;"CO010025015";"COMUNE DI GENOVA";;"GENOVA";"GE";492194,58;4923204,79;;;260;4;2;2;2;1;10;10;1;5;;3;8;1;5;;;;10;5;4;
407;"CO010025016";"COMUNE DI GENOVA";;"GENOVA";"GE";0;0;;;646;2;2;2;1;1;10;1;1;1;;3;5;1;5;;;;20;5;4;
408;"CO010025017";"COMUNE DI GENOVA";;"GENOVA";"GE";1491522;4918754;;;772;3;2;2;1;2;10;1;3;5;;3;5;1;5;7;;;5;5;4;
409;"CO010025018";"COMUNE DI GENOVA";;"GENOVA";"GE";0;0;;;289;4;2;2;2;1;10;10;1;5;;3;5;1;5;;;;20;5;4;
410;"CO010025019";"COMUNE DI GENOVA";;"GENOVA";"GE";1496815;4918353;;;1430;1;1;2;1;1;15;10;1;5;;5;8;1;30;;;;10;5;4;
411;"CO010025020";"COMUNE DI GENOVA";;"GENOVA";"GE";484967,96;4919252,66;;;238;5;2;1;1;1;10;1;1;1;2;5;5;1;5;;;;20;5;4;
412;"SMART010001";"AZIENDA OSPEDALIERA UNIVERSITARIA SAN MARTINO";16132;"GENOVA";"GE";497572,95;4917103,45;;;707;2;2;2;1;1;5;10;1;;;3;5;1;5;;1;;20;5;4;
413;"SMART010002";"AZIENDA OSPEDALIERA UNIVERSITARIA SAN MARTINO";16132;"GENOVA";"GE";1497774;4917122;;;804;2;2;2;1;1;15;10;1;;;3;8;1;5;;1;;20;5;4;
414;"SMART010003";"AZIENDA OSPEDALIERA UNIVERSITARIA SAN MARTINO";16132;"GENOVA";"GE";1497823;4917418;;;768;2;2;2;1;1;10;10;1;;;3;8;1;5;;1;;20;5;4;
415;"SMART010004";"AZIENDA OSPEDALIERA UNIVERSITARIA SAN MARTINO";16132;"GENOVA";"GE";497572,95;4917103,45;;;707;2;2;2;1;1;5;10;1;;;3;5;1;5;;1;;20;5;4;
416;"SMART010005";"AZIENDA OSPEDALIERA UNIVERSITARIA SAN MARTINO";16132;"GENOVA";"GE";497572,95;4917103,45;;;743;2;2;2;1;1;10;10;1;;;3;5;1;5;;1;;20;5;4;
417;"SMART010006";"AZIENDA OSPEDALIERA UNIVERSITARIA SAN MARTINO";16132;"GENOVA";"GE";497572,95;4917103,45;;;707;2;2;2;1;1;5;10;1;;;3;5;1;5;;1;;20;5;4;
418;"SMART010007";"AZIENDA OSPEDALIERA UNIVERSITARIA SAN MARTINO";16132;"GENOVA";"GE";497572,95;4917103,45;;;707;2;2;2;1;1;5;10;1;;;3;5;1;5;;1;;20;5;4;
419;"SMART010008";"AZIENDA OSPEDALIERA UNIVERSITARIA SAN MARTINO";16132;"GENOVA";"GE";497572,95;4917103,45;;;707;2;2;2;1;1;5;10;1;;;3;5;1;5;;1;;20;5;4;
420;"SMART010009";"AZIENDA OSPEDALIERA UNIVERSITARIA SAN MARTINO";16132;"GENOVA";"GE";497572,95;4917103,45;;;707;2;2;2;1;1;5;10;1;;;3;5;1;5;;1;;20;5;4;
421;"SMART010010";"AZIENDA OSPEDALIERA UNIVERSITARIA SAN MARTINO";16132;"GENOVA";"GE";497572,95;4917103,45;;;707;2;2;2;1;1;5;10;1;;;3;5;1;5;;1;;20;5;4;
422;"SMART010011";"AZIENDA OSPEDALIERA UNIVERSITARIA SAN MARTINO";16132;"GENOVA";"GE";497572,95;4917103,45;;;707;2;2;2;1;1;5;10;1;;;3;5;1;5;;1;;20;5;4;
423;"SMART010012";"AZIENDA OSPEDALIERA UNIVERSITARIA SAN MARTINO";16132;"GENOVA";"GE";497572,95;4917103,45;;;707;2;2;2;1;1;5;10;1;;;3;5;1;5;;1;;20;5;4;
424;"SMART010013";"AZIENDA OSPEDALIERA UNIVERSITARIA SAN MARTINO";16132;"GENOVA";"GE";497572,95;4917103,45;;;707;2;2;2;1;1;5;10;1;;;3;5;1;5;;1;;20;5;4;
425;"SMART010014";"AZIENDA OSPEDALIERA UNIVERSITARIA SAN MARTINO";16132;"GENOVA";"GE";497572,95;4917103,45;;;724;2;2;2;1;1;5;10;1;;;5;5;1;5;;1;;20;5;4;
426;"SMART010015";"AZIENDA OSPEDALIERA UNIVERSITARIA SAN MARTINO";16132;"GENOVA";"GE";497572,95;4917103,45;;;707;2;2;2;1;1;5;10;1;;;3;5;1;5;;1;;20;5;4;
427;"SMART010016";"AZIENDA OSPEDALIERA UNIVERSITARIA SAN MARTINO";16132;"GENOVA";"GE";497572,95;4917103,45;;;707;2;2;2;1;1;5;10;1;;;3;5;1;5;;1;;20;5;4;
428;"SMART010017";"AZIENDA OSPEDALIERA UNIVERSITARIA SAN MARTINO";16132;"GENOVA";"GE";497572,95;4917103,45;;;707;2;2;2;1;1;5;10;1;;;3;5;1;5;;1;;20;5;4;
429;"SMART010018";"AZIENDA OSPEDALIERA UNIVERSITARIA SAN MARTINO";16132;"GENOVA";"GE";497572,95;4917103,45;;;707;2;2;2;1;1;5;10;1;;;3;5;1;5;;1;;20;5;4;
430;"SMART010019";"AZIENDA OSPEDALIERA UNIVERSITARIA SAN MARTINO";16132;"GENOVA";"GE";497572,95;4917103,45;;;707;2;2;2;1;1;5;10;1;;;3;5;1;5;;1;;20;5;4;
432;"SMART010020";"AZIENDA OSPEDALIERA UNIVERSITARIA SAN MARTINO";16132;"GENOVA";"GE";1498033;4917267;;;978;1;1;2;1;1;10;10;1;;;5;8;1;5;;1;;10;5;4;
433;"SMART010021";"AZIENDA OSPEDALIERA UNIVERSITARIA SAN MARTINO";16132;"GENOVA";"GE";1498109;4917462;;;843;1;1;2;1;1;10;10;1;;;3;5;1;5;;1;;5;5;4;
434;"CO010015005";"COMUNE DI CHIAVARI";;"CHIAVARI";"GE";526711,81;4907085,9;;;502;3;2;2;1;2;15;1;1;1;;3;5;1;5;;;;20;5;4;
435;"CO010015012";"COMUNE DI CHIAVARI";;"CHIAVARI";"GE";0;0;;;378;3;2;2;1;2;10;1;1;5;;3;5;1;5;;;;10;3;4;
436;"CO010015004";"COMUNE DI CHIAVARI";;"CHIAVARI";"GE";0;0;;;212;4;2;2;2;2;5;1;3;1;;5;5;1;5;3;;;5;3;4;
437;"CO010015011";"COMUNE DI CHIAVARI";;"CHIAVARI";"GE";526679,25;4907055,87;;;474;3;2;2;1;2;10;1;1;5;;3;8;1;5;;;;20;3;4;
438;"CO010015013";"COMUNE DI CHIAVARI";;"CHIAVARI";"GE";0;0;;;378;3;2;2;1;2;10;1;1;1;;3;5;1;5;;;;20;3;2;
439;"CO010030001";"COMUNE DI LORSICA";;"LORSICA";"GE";1519293;4925440;;;427;2;2;2;1;1;5;10;1;1;;3;5;1;5;;;1;5;3;2;2
440;"CO010059001";"COMUNE DI SESTRI LEVANTE";16039;"SESTRI LEVANTE";"GE";1532810;4902350;;;188;4;2;2;2;1;10;1;1;5;;5;8;3;5;;;;5;3;4;
441;"CO010059003";"COMUNE DI SESTRI LEVANTE";;"SESTRI LEVANTE";"GE";1534470;4900910;;;624;2;2;2;1;1;15;1;1;5;;5;5;1;5;;;;20;3;2;
442;"CO010059004";"COMUNE DI SESTRI LEVANTE";;"SESTRI LEVANTE";"GE";1532530;4902980;;;535;2;2;2;1;1;5;1;1;5;;3;5;1;5;;;;20;3;2;
443;"CO010059005";"COMUNE DI SESTRI LEVANTE";;"SESTRI LEVANTE";"GE";1534310;4904680;;;492;2;2;2;1;1;5;1;1;;;3;5;;;;;;20;3;2;
444;"CO010059009";"COMUNE DI SESTRI LEVANTE";;"SESTRI LEVANTE";"GE";1531950;4902110;;;626;2;2;2;1;1;5;1;1;1;;5;5;1;5;;;;20;5;4;
446;"ASFIE010001";"FIERA DI GENOVA SPA";16129;"GENOVA";"GE";1495336;4915829;;;1167;1;1;2;1;1;10;1;1;1;2;9;10;1;30;;;;10;3;4;
447;"ASFIE010002";"FIERA DI GENOVA SPA";16129;"GENOVA";"GE";1495100;4916032;;;1526;2;1;2;1;2;5;1;1;1;5;;8;1;30;;;;20;3;4;
448;"ASFIE010003";"FIERA DI GENOVA SPA";16129;"GENOVA";"GE";1495193;4915844;;;816;1;1;2;1;1;10;1;1;1;2;3;5;1;;;;;20;3;4;
449;"PR011EP0003";"PROVINCIA DELLA SPEZIA";;"LA SPEZIA";"SP";567794,92;4884828,58;;;257;4;2;2;2;1;15;1;1;1;;5;5;1;5;;;;20;5;2;10
450;"PR011EP0018";"PROVINCIA DELLA SPEZIA";;"LA SPEZIA";"SP";1567348;4886114;;;897;1;1;2;1;1;10;1;1;5;;3;5;1;5;;;;20;3;2;10
451;"ASSLO011001";"SAN LORENZO SPA";19031;"AMEGLIA";"SP";1577940;4898720;;;587;3;2;2;1;2;15;1;1;5;2;9;10;3;5;;3;10;20;3;4;2
452;"CO011002001";"COMUNE DI ARCOLA";19021;"ARCOLA";"SP";0;0;;;144;4;2;2;2;1;10;1;1;;;5;8;;;;;;;;;
453;"CO011008001";"COMUNE DI CALICE AL CORNOVIGLIO";;"CALICE AL CORNOVIGLIO";"SP";0;0;;;568;2;2;2;1;1;10;10;1;;;3;;;;;;;10;3;4;
454;"CO011008002";"COMUNE DI CALICE AL CORNOVIGLIO";;"CALICE AL CORNOVIGLIO";"SP";0;0;;;517;2;2;2;1;1;10;10;1;;;3;;;;;;;10;3;2;
455;"CO011008003";"COMUNE DI CALICE AL CORNOVIGLIO";;"CALICE AL CORNOVIGLIO";"SP";0;0;;;517;2;2;2;1;1;10;10;1;;;3;;;;;;;10;3;2;
456;"CO011013001";"COMUNE DI FOLLO";;"FOLLO";"SP";1566896,15;4892251,67;;;268;4;2;2;2;1;15;10;1;1;;3;5;1;5;;1;;20;5;;
457;"CO011013002";"COMUNE DI FOLLO";;"FOLLO";"SP";1569159,67;4889871,02;;;309;4;2;2;2;1;15;10;1;;;3;8;1;5;;;;20;3;4;10
458;"CO011013003";"COMUNE DI FOLLO";;"FOLLO";"SP";1568342,11;4890101,51;;;363;4;2;2;2;1;15;10;1;1;;3;5;1;30;;;;20;3;4;
459;"CO011013004";"COMUNE DI FOLLO";;"FOLLO";"SP";1567440,13;4889702,32;;;363;4;2;2;2;1;15;10;1;1;;3;5;1;30;;1;;20;3;4;
460;"CO011013005";"COMUNE DI FOLLO";;"FOLLO";"SP";1565600,76;4889688,65;;;349;4;2;2;2;1;15;10;1;1;;3;5;1;30;;1;;20;3;2;
461;"CO011013006";"COMUNE DI FOLLO";;"FOLLO";"SP";1568162,75;4893690,18;;;321;4;2;2;2;1;15;10;1;1;;3;5;1;5;;1;;20;5;4;10
462;"CO011013007";"COMUNE DI FOLLO";;"FOLLO";"SP";1566321,05;4890440,83;;;349;4;2;2;2;1;15;10;1;1;;3;5;1;30;;1;;20;3;2;
463;"CO011013008";"COMUNE DI FOLLO";;"FOLLO";"SP";1567833,16;4894102,25;;;356;4;2;2;2;1;15;10;1;1;;3;8;1;30;;1;;20;3;2;
464;"CO011023001";"COMUNE DI RICCO' DEL GOLFO DI SPEZIA";;"RICCO' DEL GOLFO DI SPEZIA";"SP";0;0;;;697;2;2;2;1;1;10;10;1;5;;5;5;3;;;;;20;3;2;
465;"CO011023002";"COMUNE DI RICCO' DEL GOLFO DI SPEZIA";;"RICCO' DEL GOLFO DI SPEZIA";"SP";0;0;;;704;2;2;2;1;1;10;10;1;1;;5;5;3;5;;;;20;3;4;
466;"CO011023003";"COMUNE DI RICCO' DEL GOLFO DI SPEZIA";;"RICCO' DEL GOLFO DI SPEZIA";"SP";0;0;;;748;2;2;2;1;1;10;10;1;5;;5;5;3;5;;;;20;3;4;
467;"CO011023004";"COMUNE DI RICCO' DEL GOLFO DI SPEZIA";;"RICCO' DEL GOLFO DI SPEZIA";"SP";1560717;4888735;;;784;2;2;2;1;1;15;10;1;5;;5;5;3;5;;;;20;3;4;
468;"CO011023005";"COMUNE DI RICCO' DEL GOLFO DI SPEZIA";;"RICCO' DEL GOLFO DI SPEZIA";"SP";0;0;;;661;2;2;2;1;1;5;10;1;5;;5;5;3;5;;;;20;3;2;
469;"CO011026001";"COMUNE DI SANTO STEFANO MAGRA";;"SANTO STEFANO DI MAGRA";"SP";573772,59;4889731,72;;;206;5;2;1;2;1;15;1;3;1;;3;5;;;3;;;5;3;4;
470;"ASRAO011001";"RAO & SARTELLI LEGNAMI";;"SESTA GODANO";"SP";553223,92;4903814,83;;;459;3;2;2;1;2;10;1;1;1;;5;10;1;5;;;;20;5;2;2
471;"LCCE0112001";"CHIESA EVANGELICA";;"LEVANTO";"SP";549061,18;4890890,25;;;128;4;2;2;2;1;10;1;1;;;;5;;;;;;;;;
472;"RE011028001";"REGIONE LIGURIA";;"SESTA GODANO";"SP";0;0;;;554;2;2;2;1;1;10;1;1;5;;5;5;1;;;;;20;1;2;
473;"RE009056001";"REGIONE LIGURIA";;"SAVONA";"SV";1458560;4906459;;;1242;1;1;2;1;1;5;1;3;5;;3;5;1;;3;1;;5;5;4;
474;"RE009058001";"REGIONE LIGURIA";;"STELLA";"SV";0;0;;;448;2;2;2;1;1;5;1;1;1;;3;5;1;;;;;5;5;4;
475;"RE008031001";"REGIONE LIGURIA";;"IMPERIA";"IM";421376,91;4859328,16;;;148;5;1;1;2;1;5;1;1;5;;3;5;;;;;;;5;4;
477;"CO011027001";"COMUNE DI SARZANA";;"SARZANA";"SP";0;0;;;571;2;2;2;1;1;10;1;1;5;;3;5;1;5;;;;20;3;2;
478;"CO011027002";"COMUNE DI SARZANA";;"SARZANA";"SP";0;0;;;689;2;2;2;1;1;10;1;1;5;;3;5;1;5;;;;20;5;4;
479;"CO011027003";"COMUNE DI SARZANA";;"SARZANA";"SP";0;0;;;571;2;2;2;1;1;10;1;1;5;;3;5;1;5;;;;20;3;2;
480;"CO011027004";"COMUNE DI SARZANA";;"SARZANA";"SP";576902,58;4885061,63;;;689;2;2;2;1;1;10;1;1;5;;3;5;1;5;;;;20;5;4;
481;"CO011027005";"COMUNE DI SARZANA";;"SARZANA";"SP";0;0;;;571;2;2;2;1;1;10;1;1;5;;3;5;1;5;;;;20;3;2;
482;"ASPOL010001";"POLITEAMA GENOVESE";;"GENOVA";"GE";1495115;4917574;;;739;2;2;2;1;1;10;1;1;5;;9;5;1;5;;;;20;5;4;
483;"CO010065001";"COMUNE DI VALBREVENNA";;"VALBREVENNA";"GE";0;0;;;703;2;2;2;1;1;15;10;1;1;;5;8;1;5;;;;20;3;2;
484;"CO010065002";"COMUNE DI VALBREVENNA";;"VALBREVENNA";"GE";0;0;;;444;3;2;2;1;2;10;10;1;1;;3;5;1;5;;;;20;3;2;
485;"CO010065003";"COMUNE DI VALBREVENNA";;"VALBREVENNA";"GE";1501984;4931942;;;973;2;2;2;1;1;15;10;1;1;;5;8;1;30;;;;20;3;2;
486;"CO010065004";"COMUNE DI VALBREVENNA";;"VALBREVENNA";"GE";1502985;4933138;;;968;3;2;2;1;2;10;10;3;1;;3;5;1;30;7;;;5;3;2;
487;"AEPEN009001";"MINISTERO DELLA GIUSTIZIA";17014;"CAIRO MONTENOTTE";"SV";0;0;;;241;4;2;2;2;2;15;10;1;1;;9;8;1;5;;;;20;3;4;2
488;"CO010017001";"COMUNE DI COGOLETO";16016;"COGOLETO";"GE";1471982;4915300;;;186;4;2;2;2;1;10;1;1;5;;3;5;1;5;;;;5;5;4;
489;"CO010017002";"COMUNE DI COGOLETO";16016;"COGOLETO";"GE";1471960;4915350;;;502;2;2;2;1;1;5;1;1;1;;3;5;1;5;;;;10;5;4;
490;"CO009023001";"COMUNE DI CENGIO";17056;"CENGIO";"SV";1437586;4916598;;;330;2;2;2;1;1;5;1;1;;;3;;;;;;;5;3;;
491;"CO009023002";"COMUNE DI CENGIO";;"CENGIO";"SV";1434262;4916325;;;448;2;2;2;1;1;5;1;1;;;3;;;;;;;;5;4;2
492;"CO009023003";"COMUNE DI CENGIO";;"CENGIO";"SV";1436465;4915929;;;401;3;2;2;1;2;5;1;1;;;3;;;;;;;20;3;4;
493;"ASRFI009001";"RFI COMPARTIMENTO MOVIMENTO";;"VADO LIGURE";"SV";455227,69;4902537,33;;;459;3;2;2;1;2;10;1;1;;;5;8;1;5;;;;20;3;4;
494;"ASAGR009001";"AGRICOLA S. LUIGI DI REPOSI FELICE E C. S.N.C.";;"STELLA";"SV";0;0;;;350;3;2;2;1;2;5;1;1;;;;8;;5;;;;20;1;2;2
495;"ASOSG009001";"OFFICINE SAN GIOVANNI S.R.L.";;"STELLA";"SV";0;0;;;453;3;2;2;1;2;5;10;1;5;;3;;;5;;;;20;3;2;2
496;"ASTEC009001";"TECNOEDILE S.R.L.";;"STELLA";"SV";0;0;;;393;3;2;2;1;2;10;1;1;5;;5;5;;5;;;;20;1;2;
497;"ASCAR009001";"CARTINDUSTRIA LIGURE S.R.L.";;"STELLA";"SV";0;0;;;481;3;2;2;1;2;10;10;1;5;;5;8;;5;;;;20;1;2;2
498;"ASENE010001";"ENEL CENTRALE TERMOELETTRICA DI GENOVA";;"GENOVA";"GE";0;0;;;218;5;1;1;1;2;15;1;1;5;;9;8;;;;3;;20;;;
499;"ASCAP009001";"IMPRESA CAPPELLUTO";;"BORGHETTO SANTO SPIRITO";"SV";1439454;4884578;;;1376;2;1;2;1;2;10;10;3;5;;9;8;1;30;;;;;5;;
500;"ASSYN009001";"SYNDIAL";;"CENGIO";"SV";435471,91;4915470,04;;;189;5;2;1;1;2;15;1;1;1;2;9;10;1;5;;;;20;3;2;
501;"ASTRE010002";"TRENITALIA - DIVISIONE PASSEGGERI REGIONALE";;"GENOVA";"GE";496233,92;4917115,56;;;488;3;2;2;1;2;10;1;1;1;;9;8;1;5;;;1;20;3;4;2
502;"ASTRE009001";"TRENITALIA - DIVISIONE PASSEGGERI REGIONALE";;"SAVONA";"SV";0;0;;;122;5;2;1;2;2;10;1;1;1;2;9;5;1;5;;;1;20;3;4;2
503;"ASMIC010001";"MICROART'S";;"GENOVA";"GE";494969,3;4916922,31;;;267;5;1;1;1;2;10;10;1;1;;5;8;1;5;;;1;20;5;4;2
504;"AEAUT010001";"AUTORITA' PORTUALE DI GENOVA";;"GENOVA";"GE";0;0;;;155;4;2;2;2;2;5;1;1;;;5;5;1;5;;;;20;3;4;
505;"ASANS010001";"ANSALDO ENERGIA";;"GENOVA";"GE";1491167;4920158;;;372;3;2;2;1;2;5;1;1;1;;5;5;;;;;;20;3;;
506;"ASENT010001";"ENTE BACINI GENOVA";;"GENOVA";"GE";0;0;;;557;2;1;2;1;2;10;1;1;1;;9;5;1;5;;;;20;3;;
507;"ASSAN010001";"SANGOI E FIGLI";;"GENOVA";"GE";491210,65;4922405,84;;;647;2;1;2;1;2;15;1;1;;;9;10;1;5;;;;20;3;;2
508;"ASTRE011001";"TRENITALIA - DIVISIONE CARGO  ESERCIZIO";;"LA SPEZIA";"SP";1567014;4885929;;;844;3;2;2;1;2;10;1;1;1;5;9;;1;5;;;;20;3;2;2
509;"ASTRE010001";"TRENITALIA - DIVISIONE CARGO  ESERCIZIO";;"GENOVA";"GE";0;0;;;475;3;2;2;1;2;5;1;1;5;2;9;5;1;5;;;;20;3;4;2
511;"ASBOE010001";"BOERO BARTOLOMEO S.P.A.";;"GENOVA";"GE";498516,23;4922339,91;;;690;2;1;2;1;2;15;1;1;5;;5;8;1;5;;3;;20;3;4;2
512;"ASENE011001";"ENEL - CENTRALE TERMOELETTRICA LA SPEZIA";;"LA SPEZIA";"SP";568703,66;4884440,92;;;183;5;1;1;1;2;15;1;1;1;;5;;;;;3;;20;;;
515;"ASTIP009001";"TIRRENO POWER SPA CENTRALE VADO LIGURE";;"VADO LIGURE";"SV";454857,85;4902773,58;;;155;5;1;1;1;2;15;1;1;5;;9;5;;;;;;;;;
516;"CO010039001";"COMUNE DI MONTOGGIO";16026;"MONTOGGIO";"GE";1503543,5128;4929156,9289;;;161;5;2;1;2;1;5;10;1;1;;5;5;1;5;;;;20;3;4;
517;"CO010039002";"COMUNE DI MONTOGGIO";;"MONTOGGIO";"GE";1503530,8683;4929266,8711;;;179;5;2;1;2;1;5;10;1;1;;3;5;1;5;;;1;20;3;4;10
518;"ASBOC010001";"BOCCI COMPENSATI";16011;"ARENZANO";"GE";4916570;1473110;;;668;1;1;2;1;1;10;10;1;1;;3;8;1;5;;;;;1;4;
