provincia,comune,Ragione sociale,indirizzo,civico,destinazione,sup_coperta
FI,BAGNO A RIPOLI,Azienda Sanitaria Firenze,VIA DELL'ANTELLA - PONTE A NICCHERI,58,Ospedale/Casa di cura,0
FI,BAGNO A RIPOLI,Azienda Sanitaria Firenze,VIA POGGIO DELLA PIEVE,2,Servizio Igiene Pubblica,0
FI,BAGNO A RIPOLI,Azienda Sanitaria Firenze,VIA DELL'ANTELLA - PONTE A EMA,19,Distretto socio-sanitario,0
FI,BARBERINO DI MUGELLO,PREFETTURA DI FIRENZE,VIA VALIANO,31,Magazzino,3450
FI,BARBERINO VAL D'ELSA,IMPIANTI SPORTIVI: SCUOLA ELEMENTARE MEDIA,CASSIA,49,Impianto sportivo,222
FI,BARBERINO VAL D'ELSA,FONDERIA SAN MARTINO SRL,Via Verdi,2/4/6/8,IMPIANTO INDUSTRIALE,""
FI,BORGO SAN LORENZO,POSTE ITALIANE S.p.A.,VIA SACCO E VANZETTI,"",Ufficio aperto al pubblico,641
FI,BORGO SAN LORENZO,MUGELLO,STRADA COMUNALE LUCO RONTA,"",Impianto sportivo,30
FI,BORGO SAN LORENZO,COMPAGNIA CARABINIERI,piazza a. gramsci,26,caserma cc,0
FI,BORGO SAN LORENZO,TOSCANA ENERGIA S.p.A.,VIALE PAPA GIOVANNI XXIII,32,Ufficio,750
FI,BORGO SAN LORENZO,Azienda Sanitaria Firenze,VIALE DELLA RESISTENZA,60,Ospedale/Casa di cura,0
FI,CAMPI BISENZIO,POSTE ITALIANE S.p.A.,VIA FERRUCCI,"",Ufficio aperto al pubblico,337
FI,CAPRAIA E LIMITE,COMUNE DI CAPRAIA E LIMITE MAGAZZINO COMUNALE,VIA DELLE GINESTRE,14,Magazzino,1000
FI,CAPRAIA E LIMITE,ex cantieri di pisa alisei srl,VIA D. ALIGHIERI,"",SITO DISMESSO,""
FI,CASTELFIORENTINO,ex zuccherificio,LOC. GRANAIOLO,"",SITO DISMESSO,""
FI,CASTELFIORENTINO,IMPIANTI SPORTIVI: PALAZZETTO DELLO SPORT,VIALE F.D. ROOSEVELT,"",Impianto sportivo,1386
FI,CASTELFIORENTINO,ex conceria fbc snc,LOC. RIMORTI,"",SITO DISMESSO,""
FI,CASTELFIORENTINO,ARMA CARABINIERI,via Niccoli,39,Ufficio aperto al pubblico,449.28
FI,CASTELFIORENTINO,TOSCANA ENERGIA SPA (ex TOSCANA GAS SPA),DEL PANTANO,"",impianto di riduzione gas metano,95
FI,CASTELFIORENTINO,TOSCANA ENERGIA SPA (ex TOSCANA GAS SPA),S.P. 4 VOLTERRANA,"",impianto di riduzione gas metano,70
FI,GRANAIOLO,ex pulp industria laterizi,VIA NICCOLI  granaiolo,380,SITO DISMESSO,""
FI,CERRETO GUIDI,Comune di Cerreto Guidi,GAVONCHI,4,Impianto sportivo,700
FI,CERRETO GUIDI,Comune di Cerreto Guidi,VIA DEL LUPO,343/a,Impianto sportivo,90
FI,CERTALDO,ex fertilizzanti,VIA LAMA,"",SITO DISMESSO,""
FI,CERTALDO,laterizi certaldese srl,SS.429,"",SITO DISMESSO,""
FI,CERTALDO,COMUNE DI CERTALDO SALA CONSIGLIARE,2 GIUGNO,50,luogo di riunioni,305
FI,CERTALDO,TOSCANA ENERGIA SPA (ex TOSCANA GAS SPA),DEL TORRIONE,"",impianto di riduzione gas metano,55
FI,CERTALDO,IMPIANTI SPORTIVI: CS COMUNALE,DON MINZONI,"",Impianto sportivo,351
FI,CERTALDO,Comune di Certaldo,canonica,"",Scuola,1500
FI,CERTALDO,Comune di Certaldo,via Don Sturzo,"",Scuola,550
FI,CERTALDO,Comune di Certaldo,Piano,"",Scuola,410
FI,CERTALDO,TOSCANA ENERGIA SPA (ex TOSCANA GAS SPA),MONTEBELLO,"",impianto di riduzione gas metano,100
FI,CERTALDO,IMPIANTI SPORTIVI: PALASPORT,CANONICA,"",Impianto industriale,715
FI,CERTALDO,IMPIANTI SPORTIVI: CS COMUNALE,DON MINZONI,"",Impianto sportivo,686
FI,CERTALDO,IMPIANTI SPORTIVI: CS COMUNALE,DON MINZONI,"",Impianto sportivo,643
FI,CERTALDO,IMPIANTI SPORTIVI: CS COMUNALE,DON MINZONI,"",Impianto sportivo,15
FI,CERTALDO,COMUNE DI CERTALDO FARMACIA COMUNALE,2 GIUGNO,68,Esercizio commerciale,224
FI,EMPOLI,COMPAGNIA CARABINIERI,tripoli,30,civile abitazione,0
FI,EMPOLI,GESCO srl,VIA TRIPOLI,30,Condominio,0
FI,EMPOLI,CARTIERE ETRURIA,MOLIN NUOVO,28,IMPIANTO INDUSTRIALE,""
FI,EMPOLI,ex vitrum snc,VIA PALARINI,"",SITO DISMESSO,""
provincia,comune,Ragione sociale,indirizzo,civico,destinazione,sup_coperta
FI,EMPOLI,ex distilleria saves,viale IV novembre,"",SITO DISMESSO,""
FI,EMPOLI,ex montevivo,VIA PRATIGNONE,"",SITO DISMESSO,""
FI,EMPOLI,ex coop. vetrai bufferia toscana,salaiola,"",SITO DISMESSO,""
FI,EMPOLI,UPGSP - UFFICIO DENUNCE,GRAMSCI,46,commissariato p.s.,0
FI,EMPOLI,IMPIANTI SPORTIVI: CIRCOLO TENNIS VILLANOVA,SOTTOPOGGIO PER SAN DONATO,92,Magazzino,50
FI,EMPOLI,TOSCANA ENERGIA SPA (ex TOSCANA GAS SPA),BRUNO BUOZZI,"",gruppo di riduzione finale,15
FI,EMPOLI,TOSCANA ENERGIA SPA (ex TOSCANA GAS SPA),FARFALLA,"",impianto di riduzione gas metano,40
FI,EMPOLI,TOSCANA ENERGIA SPA (ex TOSCANA GAS SPA),VAL D ELSA,"",impianto di riduzione gas metano,110
FI,FIGLINE VALDARNO,GIORGIO VASARI,PIAZZA CADUTI DI PIAN D'ALBERO,"",Scuola,0
FI,FIGLINE VALDARNO,Azienda Sanitaria Firenze,VIA GIOVANNI DA VERRAZZANO,1,Centro diurno,0
FI,FIGLINE VALDARNO,Azienda Sanitaria Firenze,VIA GIOVANNI DA VERRAZZANO,2,Distretto socio-sanitario,0
FI,FIRENZE,PROFESSIONALE,VIA PANCIATICHI,"",Scuola,1500
FI,FIRENZE,SCUOLA MEDIA CALAMANDREI - ROSAI,VIA PANCIATICHI,73,Scuola,1706
FI,FIRENZE,SCUOLA MEDIA CALAMANDREI - ROSAI,VIA CIRCONDARIA,15,Scuola,3148
FI,FIRENZE,BIBLIOTECA MEDICEA LAURENZIANA,PIAZZA SAN LORENZO,9,Biblioteca,2823
FI,FIRENZE,Biblioteca Marucelliana,VIA CAVOUR,43/47,biblioteca,2030
FI,FIRENZE,Azienda Ospedaliero-Universitaria Careggi,viale Pieraccini,17,Ospedale/Casa di cura,0
FI,FIRENZE,Azienda Agricola Settemerli di Cosimo Savio,VIA VOLTERRANA,52,stalle/ricovero attrezzi part.1412 f.148,60
FI,FIRENZE,IMPIANTI SPORTIVI: CHIESA SANTI FIORENTINI,CENTOSTELLE,11,Luogo di culto,1000
FI,FIRENZE,PROVINCIALE DI FIRENZE,VIA DELL'AGNOLO,2,Ufficio aperto al pubblico,5200
FI,FIRENZE,IMPIANTI SPORTIVI: FLOG POGGETTO,M. MERCATI,24/B,Impianto sportivo,15.5
FI,FIRENZE,ISTITUTO MAGISTRALE PASCOLI,VIALE DON MINZONI,58,Scuola,0
FI,FIRENZE,COMUNE DI FIRENZE,DEL PONTORMO,90-92,Scuola,0
FI,FIRENZE,CASA CIRCONDARIALE MARIO GOZZINI,VIA G. MINERVINI,8R,Ufficio aperto al pubblico,0
FI,FIRENZE,PARROCCHIA SANTA MARIA A CINTOIA,VIA DEL SALETTO,9,Luogo di culto,2600
FI,FIRENZE,Azienda Ospedaliero-Universitaria Careggi,viale Pieraccini,17,Ospedale/Casa di cura,0
FI,FIRENZE,Azienda Ospedaliero-Universitaria Careggi,viale PIeraccini,17,Ospedale/Casa di cura,0
FI,FIRENZE,Azienda Ospedaliero-Universitaria Careggi,viale Pieraccini,17,Ospedale/Casa di cura,0
FI,FIRENZE,Azienda Ospedaliero-Universitaria Careggi,viale Pieraccini,17,Ospedale/Casa di cura,0
FI,FIRENZE,Azienda Ospedaliero-Universitaria Careggi,viale Pieraccini,17,Ospedale/Casa di cura,0
FI,FIRENZE,PARROCCHIA SAN MARCO VECCHIO,VIA FAENTINA,139,Magazzino,22
FI,FIRENZE,Azienda Ospedaliero-Universitaria Careggi,viale Pieraccini,17,Ospedale/Casa di cura,0
FI,FIRENZE,Azienda Ospedaliero-Universitaria Careggi,viale Pieraccini,17,Ospedale/Casa di cura,0
FI,FIRENZE,Azienda Ospedaliero-Universitaria Careggi,viale Pieraccini,17,Ospedale/Casa di cura,0
FI,FIRENZE,Azienda Ospedaliero-Universitaria Careggi,viale Pieraccini,17,Ospedale/Casa di cura,0
FI,FIRENZE,Azienda Ospedaliero-Universitaria Careggi,viale Pieraccini,17,Ospedale/Casa di cura,0
FI,FIRENZE,Azienda Ospedaliero-Universitaria Careggi,viale Pieraccini,17,Ospedale/Casa di cura,0
FI,FIRENZE,Azienda Ospedaliero-Universitaria Careggi,viale Pieraccini,17,Ospedale/Casa di cura,0
FI,FIRENZE,Azienda Ospedaliero-Universitaria Careggi,viale Pieraccini,17,Ospedale/Casa di cura,0
FI,FIRENZE,BIBLIOTECA MEDICEA LAURENZIANA,VIA FAENTINA,102,ex convento,1330
FI,FIRENZE,ARENA PALACONGRESSI VILLA VITTORIA,VIALE STROZZI,1,Cinema/teatro/spettacoli,25000
provincia,comune,Ragione sociale,indirizzo,civico,destinazione,sup_coperta
FI,FIRENZE,SEVES SPA (EX VETROARREDO SEDIVER SPA),REGINALDO GIULIANI,360,IMPIANTO INDUSTRIALE,""
FI,FIRENZE,NUOVO PIGNONE SPA,via F. Matteucci,2,IMPIANTO INDUSTRIALE,""
FI,FIRENZE,COMUNE DI FIRENZE,VIA DEI VESPUCCI,5/a,Impianto sportivo,0
FI,FIRENZE,COMUNE DI FIRENZE,LUNGARNO DEL TEMPIO,"",Parco,0
FI,FIRENZE,COMUNE DI FIRENZE,VIALE POGGI,2,Parco,0
FI,FIRENZE,COMUNE DI FIRENZE,VIUZZO DELLA CAVALLA,1a,Scuola,0
FI,FIRENZE,COMUNE DI FIRENZE,VIA DELL'ARDIGLIONE,30/a,Scuola,0
FI,FIRENZE,COMUNE DI FIRENZE,PIAZZA PIER VETTORI,7/d,Scuola,0
FI,FIRENZE,COMUNE DI FIRENZE,VIALE GUIDONI,174,Ufficio aperto al pubblico,0
FI,FIRENZE,COMUNE DI FIRENZE,VIALE F. REDI,19,Ufficio aperto al pubblico,0
FI,FIRENZE,COMUNE DI FIRENZE,VIA MANNELLI,119,Ufficio aperto al pubblico,0
FI,FIRENZE,COMUNE DI FIRENZE,VIALE AERONAUTICA,8,Ufficio aperto al pubblico,0
FI,FIRENZE,SEVES SPA (EX VETROARREDO SEDIVER SPA),REGINALDO GIULIANI,360,IMPIANTO INDUSTRIALE,""
FI,FIRENZE,arpat,PONTE ALLE MOSSE,211,edificio C- centrale termica,0
FI,FIRENZE,Azienda Sanitaria Firenze,VIALE CORSICA,4,Servizio Veterinaria,0
FI,FIRENZE,SEVES SPA (EX VETROARREDO SEDIVER SPA),REGINALDO GIULIANI,360,IMPIANTO INDUSTRIALE,""
FI,FIRENZE,COMUNE DI FIRENZE,VIA DELL'ULIVO,4-6,Cinema/teatro/spettacoli,0
FI,FIRENZE,COMUNE DI FIRENZE,CORELLI,21,pavimento uffici e spogliatoi,0
FI,FIRENZE,COMUNE DI FIRENZE,VILLAMAGNA,41a,scuola calcio firenze sud,15
FI,FIRENZE,COMUNE DI FIRENZE,VIA PERFETTI RICASOLI,"",Parco,0
FI,FIRENZE,COMUNE DI FIRENZE,VIALE GUIDONI,"",Parco,0
FI,FIRENZE,COMUNE DI FIRENZE,VIA FORLANINI,"",PArco,0
FI,FIRENZE,COMUNE DI FIRENZE,VIA FORLANINI,"",PArco,0
FI,FIRENZE,COMUNE DI FIRENZE,VIALE VISARNO,"",Ufficio aperto al pubblico,0
FI,FIRENZE,COMUNE DI FIRENZE,VIALE M. FANTI,5,Autorimessa,0
FI,FIRENZE,PROFESSIONALE,VIA DEL TERZOLLE,91,Scuola,6000
FI,FIRENZE,COMUNE DI FIRENZE,VIA DI UGNANO,17,laboratorio,0
FI,FIRENZE,COMUNE DI FIRENZE,VIALE GUIDONI,178/a,Magazzino,0
FI,FIRENZE,COMUNE DI FIRENZE,VIA DE' BALDOVINI,1,Magazzino,0
FI,FIRENZE,COMUNE DI FIRENZE,VIA ERBOSA,113,Magazzino,0
FI,FIRENZE,SEVES SPA (EX VETROARREDO SEDIVER SPA),REGINALDO GIULIANI,360,IMPIANTO INDUSTRIALE,""
FI,FIRENZE,COMMISSIONE SINODALE PER LA DIACONIA,DE' SERRAGLI,49,casa per ferie,1930
FI,FIRENZE,arpat,PONTE ALLE MOSSE,211,edificio A,0
FI,FIRENZE,PROFESSIONALE,VIA PANCIATICHI,"",Scuola,2000
FI,FIRENZE,Fondazione Teatro del Maggio Musicale Fiorentino,via Solferino,15,Cinema/teatro/spettacoli,23000
FI,FIRENZE,COMUNE DI FIRENZE,VIA SAN MINIATO,6,Ufficio,0
FI,FIRENZE,COMUNE DI FIRENZE,VIA CIRCONDARIA,"",Ufficio,0
FI,FIRENZE,COMUNE DI FIRENZE,VIA NICOLODI,"",Ufficio,0
FI,FIRENZE,Azienda Ospedaliero-Universitaria Careggi,viale Pieraccini,17,Ospedale/Casa di cura,0
FI,FIRENZE,ex oleificio nucci,"VIA PISTOIESE, 318 FIRENZE","",SITO DISMESSO,""
FI,FIRENZE,Azienda Ospedaliero-Universitaria Careggi,largo Palagi,1,Ospedale/Casa di cura,38000
provincia,comune,Ragione sociale,indirizzo,civico,destinazione,sup_coperta
FI,FIRENZE,Azienda Ospedaliero-Universitaria Careggi,viale Pieraccini,17,Ospedale/Casa di cura,0
FI,FIRENZE,COMUNE DI FIRENZE,LUNGARNO ALLE GRAZIE,22,canna fumaria,0
FI,FIRENZE,COMUNE DI FIRENZE,PIAZZA 1 MAGGIO,4,Ufficio,0
FI,FIRENZE,IMPIANTI SPORTIVI: TIRO A SEGNO NAZIONALE,PIAZZALE DELLE CASCINE,6,Impianto sportivo,0
FI,FIRENZE,SCUOLA ELEMENTARE DON LORENZO MILANI,PIAZZA DOLCI,1,Scuola,2520
FI,FIRENZE,OSPIZIO ISRAELITICO SAADUN,VIA CARDUCCI,11/B,CASA DI RIPOSO PER ANZIANI,2460
FI,FIRENZE,Congregazione delle Suore Oblate Ospitaliere,VIA SAN DOMENICO,46,Ospedale/Casa di cura,2189
FI,FIRENZE,PIO ISTITUTO SANT'ANNA,VIA FORTINI BENEDETTO,40,convento,3000
FI,FIRENZE,COMUNE DI FIRENZE,MASSAPAGANI,26,Ufficio,0
FI,FIRENZE,SCUOLA ELEMENTARE BALDUCCI,VIUZZO DELLA CAVALLA,"",Scuola,0
FI,FIRENZE,ASSEMBLEE DI DIO IN ITALIA,VIA DI BROZZI,214/A,Luogo di culto,190
FI,FIRENZE,NUOVO PIGNONE SPA,via Perfetti Ricasoli,78,IMPIANTO INDUSTRIALE,""
FI,FIRENZE,TOSCANA ENERGIA S.p.A.,PIAZZA E. MATTEI,3,Ufficio,1170
FI,FIRENZE,MUSEO ARCHEOLOGICO,VIA DELLA COLONNA,38,museo,4000
FI,FIRENZE,COMUNE DI FIRENZE,FARINI,12,Ufficio,0
FI,FIRENZE,COMUNE DI FIRENZE,VIA A. DEL CASTAGNO,3,Ufficio aperto al pubblico,0
FI,FIRENZE,COMUNE DI FIRENZE,DELL' ORIUOLO,31,Cinema/teatro/spettacoli,0
FI,FIRENZE,COMUNE DI FIRENZE,VIA DEL CIMITERO DEL PINO,1,Cimitero,0
FI,FIRENZE,COMUNE DI FIRENZE,VIA VAL D'OMBRONE,2-14,Condominio,0
FI,FIRENZE,COMUNE DI FIRENZE,VIA DE' BASSI,12,Laboratorio,0
FI,FIRENZE,COMUNE DI FIRENZE,VIA BRONZINO,"",Condominio,0
FI,FIRENZE,COMUNE DI FIRENZE,VIALE MICHELANGELO,80,campeggio,0
FI,FIRENZE,COMUNE DI FIRENZE,VIA BOLOGNESE,449,Cimitero,0
FI,FIRENZE,COMUNE DI FIRENZE,VIA DI VILLAMAGNA,41,Cinema/teatro/spettacoli,0
FI,FIRENZE,COMUNE DI FIRENZE,PIAZZA ARTOM,1,Autorimessa,0
FI,FIRENZE,COMUNE DI FIRENZE,VIA PISANA,854/a,Ospedale/Casa di cura,0
FI,FIRENZE,COMUNE DI FIRENZE,R. GIULIANI,250,presidio socio-sanitario asl 10 firenze,70
FI,FIRENZE,COMUNE DI FIRENZE,VIA DELLA CHIESA,66,Ospedale/Casa di cura,0
FI,FIRENZE,COMUNE DI FIRENZE,VIALE GIANNOTTI,41,Scuola,0
FI,FIRENZE,COMUNE DI FIRENZE,VIALE G.B. MORGAGNI,22,Scuola,0
FI,FIRENZE,COMUNE DI FIRENZE,CAMPANIA,20,Scuola,150
FI,FIRENZE,COMUNE DI FIRENZE,VIA SANTA MARIA A CINTOIA,1/19,Biblioteca,0
FI,FIRENZE,COMUNE DI FIRENZE,VIA DEL PONTORMO,98,Scuola,0
FI,FIRENZE,COMUNE DI FIRENZE,A. CORSALI,3,Scuola,0
FI,FIRENZE,COMUNE DI FIRENZE,PANCIATICHI,73,Scuola,0
FI,FIRENZE,COMUNE DI FIRENZE,DI LEGNAIA,6/8,Scuola,0
FI,FIRENZE,COMUNE DI FIRENZE,MORGAGNI,32,Scuola,300
FI,FIRENZE,COMUNE DI FIRENZE,VIA PALAZZUOLO,10-12,Ufficio aperto al pubblico,0
FI,FIRENZE,COMUNE DI FIRENZE,VIA PERFETTI RICASOLI,74-76,Ufficio aperto al pubblico,0
FI,FIRENZE,COMUNE DI FIRENZE,VIA SANTA MONACA,37,Ufficio aperto al pubblico,0
FI,FIRENZE,COMUNE DI FIRENZE,PIAZZA DELLA CALZA,2,Ufficio,200
provincia,comune,Ragione sociale,indirizzo,civico,destinazione,sup_coperta
FI,FIRENZE,COMUNE DI FIRENZE,PIAZZALE DELLE CASCINE,12,Ufficio aperto al pubblico,0
FI,FIRENZE,COMUNE DI FIRENZE,ERBOSA,113,Ufficio,0
FI,FIRENZE,COMUNE DI FIRENZE,VIA B. FORTINI,37,Ufficio aperto al pubblico,0
FI,FIRENZE,Azienda Sanitaria Firenze,BORGO OGNISSANTI,20/22,Distretto socio-sanitario,0
FI,FIRENZE,SCUOLA ELEMENTARE MAMELI,VIA A. CORSALI,3,Scuola,150
FI,FIRENZE,Azienda Sanitaria Firenze,VIA REGINALDO GIULIANI,250,Distretto socio-sanitario,0
FI,FIRENZE,Azienda Sanitaria Firenze,VIA GABRIELE D'ANNUNZIO,29,Distretto socio-sanitario,0
FI,FIRENZE,COMUNE DI FIRENZE,VIA SANT'AGOSTINO,8,bagno comunale,0
FI,FIRENZE,COMUNE DI FIRENZE,VIA ISONZO,26/a,Impianto sportivo,0
FI,FIRENZE,COMUNE DI FIRENZE,PIAZZA CAVALIERI DI VITTORIO VENETO,11,Impianto sportivo,0
FI,FIRENZE,COMUNE DI FIRENZE,VIA ACCURSIO,"",Impianto sportivo,0
FI,FIRENZE,COMUNE DI FIRENZE,PIAZZA ROSADI,5,Scuola,0
FI,FIRENZE,COMUNE DI FIRENZE,VIA JAHIER,15,Scuola,0
FI,FIRENZE,COMUNE DI FIRENZE,VIA DI MANTIGNANO,154,Scuola,0
FI,FIRENZE,COMUNE DI FIRENZE,VIA POLICARPO PETROCCHI,17,Scuola,0
FI,FIRENZE,COMUNE DI FIRENZE,VIA CORELLI,11,Scuola,0
FI,FIRENZE,COMUNE DI FIRENZE,E.R. DE MONTALVO,1,Scuola,0
FI,FIRENZE,COMUNE DI FIRENZE,MONTEVERDI,1/e,Scuola,0
FI,FIRENZE,COMUNE DI FIRENZE,VIA GIOTTO,4,Ufficio aperto al pubblico,0
FI,FIRENZE,COMUNE DI FIRENZE,VIA PIERLUIGI DA PALESTRINA,6,Ufficio aperto al pubblico,0
FI,FIRENZE,COMUNE DI FIRENZE,VIA MARCONI,18/20,Ufficio aperto al pubblico,0
FI,FIRENZE,COMUNE DI FIRENZE,VIA SENESE,208,Ufficio aperto al pubblico,0
FI,FIRENZE,COMUNE DI FIRENZE,PIAZZA ARTOM,17/18,Ufficio aperto al pubblico,0
FI,FIRENZE,DIREZIONE DIDATTICA CIRCOLO N. 15,VIA MINGHETTI,2,Scuola,0
FI,FIRENZE,DIREZIONE DIDATTICA CIRCOLO N. 15,VIA DELLA RIPA,14,Scuola,0
FI,FIRENZE,DIREZIONE DIDATTICA CIRCOLO N. 15,VIA DEL GUARLONE,54,Scuola,0
FI,FIRENZE,DIREZIONE DIDATTICA CIRCOLO N. 15,VIA D. DA SETTIGNANO,28/d,Scuola,0
FI,FIRENZE,COMUNE DI FIRENZE,VIALE CORSICA,4,Capannone industriale,0
FI,FIRENZE,Azienda Ospedaliero-Universitaria Careggi,viale Pieraccini,17,Ospedale/Casa di cura,0
FI,FIRENZE,COMUNE DI FIRENZE,DEL SALETTO,18,Scuola,0
FI,FIRENZE,COMUNE DI FIRENZE,VIALE UGO BASSI,24,Scuola,0
FI,FIRENZE,COMUNE DI FIRENZE,PIAZZA ALBERIGHI,3,Ufficio,0
FI,FIRENZE,COMUNE DI FIRENZE,VIA VILLAMAGNA,41,Condominio,0
FI,FIRENZE,COMUNE DI FIRENZE,VIA P. RICASOLI,74-76,Condominio,0
FI,FIRENZE,COMUNE DI FIRENZE,VIA BACCIO BANDINELLI,17,Condominio,0
FI,FIRENZE,COMUNE DI FIRENZE,VIA PANCIATICHI,60,Cimitero,0
FI,FIRENZE,COMUNE DI FIRENZE,PIAZZA SIGNORIA,1,tubazioni e cassone,0
FI,FIRENZE,COMUNE DI FIRENZE,DEL PODESTA',157,canna fumaria,0
FI,FIRENZE,COMUNE DI FIRENZE,VIA DI SAN SALVATORE A MONTE,"",Cimitero,0
FI,FIRENZE,COMUNE DI FIRENZE,VIA SAN NICCOLO',89/a,Parco,0
FI,FIRENZE,COMUNE DI FIRENZE,VIA CHIANTIGIANA,28,Impianto sportivo,0
provincia,comune,Ragione sociale,indirizzo,civico,destinazione,sup_coperta
FI,FIRENZE,COMUNE DI FIRENZE,VIA DELLE GORE,60,Luogo di culto,0
FI,FIRENZE,COMUNE DI FIRENZE,PIAZZA SAN SALVI,3,Ospedale/Casa di cura,0
FI,FIRENZE,COMUNE DI FIRENZE,VIA DELL'ANCONELLA,3,Ospedale/Casa di cura,0
FI,FIRENZE,COMUNE DI FIRENZE,DELLA CHIESA,81,Scuola,0
FI,FIRENZE,COMUNE DI FIRENZE,DELLE CASINE,1,Scuola,0
FI,FIRENZE,COMUNE DI FIRENZE,VIA DI RIPOLI,18,Biblioteca,0
FI,FIRENZE,COMUNE DI FIRENZE,VIA TRIPOLI,34,Biblioteca,0
FI,FIRENZE,COMUNE DI FIRENZE,VIA PISANA,148,Scuola,0
FI,FIRENZE,COMUNE DI FIRENZE,DI PERETOLA,292,Scuola,0
FI,FIRENZE,COMUNE DI FIRENZE,G.L. SPONTINI,89,Scuola,0
FI,FIRENZE,COMUNE DI FIRENZE,VIA DELLE PANCHE,26,Scuola,0
FI,FIRENZE,COMUNE DI FIRENZE,F. MARTINI,29,Scuola,0
FI,FIRENZE,COMUNE DI FIRENZE,DEL SANSOVINO,33,Scuola,0
FI,FIRENZE,COMUNE DI FIRENZE,SIRTORI,58,Scuola,0
FI,FIRENZE,COMUNE DI FIRENZE,CAMBRAY DIGNY,3,Scuola,0
FI,FIRENZE,COMUNE DI FIRENZE,G. BUGIARDINI,25,Scuola,0
FI,FIRENZE,COMUNE DI FIRENZE,SER LAPO GAVACCIANI,2,Scuola,0
FI,FIRENZE,COMUNE DI FIRENZE,DEL LARIONE,33,Scuola,10
FI,FIRENZE,COMUNE DI FIRENZE,VIALE MAZZINI,82,Scuola,0
FI,FIRENZE,COMUNE DI FIRENZE,C. BINI,5/A,Ufficio,0
FI,FIRENZE,COMUNE DI FIRENZE,DI BROZZI,334,Ufficio,0
FI,FIRENZE,COMUNE DI FIRENZE,DEL TAGLIAMENTO,4,Ufficio,0
FI,FIRENZE,Regione Toscana,VIA DI NOVOLI,26,"",0
FI,FIRENZE,COTTURA SETTIGNANO,VIA DESIDERIO DA SETTIGNANO,28/D,centro cottura,0
FI,FIRENZE,PARROCCHIA SS VITO E MODESTO A BELLOSGUARDO,PIAZZA SAN FRANCESCO DI PAOLA,6,Luogo di culto,0
FI,FIRENZE,INFRASTRUTTURE CIRCOLO DIDATTICO N. 14 CIRCOLO,VIA UGO BASSI,24,Scuola,0
FI,FIRENZE,COMUNE DI FIRENZE,VIA VILLAMAGNA,39,acquedotto,0
FI,FIRENZE,COMUNE DI FIRENZE,VIALE E. DE NICOLA,"",Cantiere,0
FI,FIRENZE,COMUNE DI FIRENZE,VIA DELLE TORRI,31,annesso rurale,0
FI,FIRENZE,COMUNE DI FIRENZE,VIA DEI POZZI DI MANTIGNANO,"",Laboratorio,0
FI,FIRENZE,COMUNE DI FIRENZE,VIA CIRCONDARIA,19,Capannone industriale,0
FI,FIRENZE,COMUNE DI FIRENZE,DELLE BAGNESE,4,residenza sociale assistita,0
FI,FIRENZE,COMUNE DI FIRENZE,VIA ASSISI,20,Ufficio,0
FI,FIRENZE,COMUNE DI FIRENZE,VIA SANTA MARIA A CINTOIA,3,Ufficio,0
FI,FIRENZE,COMUNE DI FIRENZE,VIA ANTONIO COCCHI,17,Ufficio,0
FI,FIRENZE,COMUNE DI FIRENZE,VIA DELL'ORIUOLO,33-35,Ufficio,0
FI,FIRENZE,COMUNE DI FIRENZE,DELLE PORTE SANTE,"",dissuasori di sosta,0
FI,FIRENZE,COMUNE DI FIRENZE,VIALE G. POGGI,"",dissuasori di sosta,0
FI,FIRENZE,TOSCANA ENERGIA S.p.A.,A. NOVELLI,"",impianto di riduzione gas metano,10
FI,FIRENZE,TOSCANA ENERGIA S.p.A.,BOLOGNESE S. LUCIA,"",impianto di riduzione gas metano,5
FI,FIRENZE,COMUNE DI FIRENZE,VIA PANCIATICHI,85/a,laboratorio,0
provincia,comune,Ragione sociale,indirizzo,civico,destinazione,sup_coperta
FI,FIRENZE,COMUNE DI FIRENZE,BOLOGNESE,17,vivaio,100
FI,FIRENZE,COMUNE DI FIRENZE,PIAZZA STROZZI,"",cassoni deposito per l'acqua,0
FI,FIRENZE,COMUNE DI FIRENZE,PIAZZA DI PARTE GUELFA,3,canna fumaria,0
FI,FIRENZE,COMUNE DI FIRENZE,VIA BRONZINO,55,Ufficio,0
FI,FIRENZE,COMUNE DI FIRENZE,VIALE DELL'AERONAUTICA,"",Ufficio,0
FI,FIRENZE,COMUNE DI FIRENZE,VIA ATTAVANTE,5,Ufficio,0
FI,FIRENZE,COMUNE DI FIRENZE,VIA JAHIER,"",Ufficio,0
FI,FIRENZE,COMUNE DI FIRENZE,PIAZZA D'AZEGLIO,"",Ufficio,0
FI,FIRENZE,COMUNE DI FIRENZE,GRAN BRETAGNA,58,Scuola,0
FI,FIRENZE,"B BLIOTECA DELL'ARCHIVIO DI STATO DI FIRENZEi",VIALE GIOVINE ITALIA,6,Ufficio aperto al pubblico,20
FI,FIRENZE,COMUNE DI FIRENZE,VIALE GIULIANO BUGIARDINI,43,Scuola,0
FI,FIRENZE,COMUNE DI FIRENZE,VIA DELLA CASELLA,110,Scuola,0
FI,FIRENZE,COMUNE DI FIRENZE,VIUZZO DELLE CALVANE,13,Ufficio,330
FI,FIRENZE,COMUNE DI FIRENZE,DELLA RIPA,14,Scuola,0
FI,FIRENZE,COMUNE DI FIRENZE,DEL GUARLONE,54n,Scuola,0
FI,FIRENZE,COMUNE DI FIRENZE,SVIZZERA,7,Scuola,0
FI,FIRENZE,COMUNE DI FIRENZE,SALVI CRISTIANI,3,Scuola,0
FI,FIRENZE,COMUNE DI FIRENZE,D. DA SETTIGNANO,28d,Scuola,0
FI,FIRENZE,COMUNE DI FIRENZE,DEI CARDATORI,3,Scuola,0
FI,FIRENZE,COMUNE DI FIRENZE,CIRCONDARIA,15,Scuola,0
FI,FIRENZE,Azienda Sanitaria Firenze,VIA DI SAN SALVI,12,Ufficio aperto al pubblico,0
FI,FIRENZE,COMUNE DI FIRENZE,VIA DESIDERIO DA SETTIGNANO,"",Cimitero,0
FI,FIRENZE,COMUNE DI FIRENZE,SAN MINIATO,6,palestra s. niccolÃ²,0
FI,FIRENZE,COMUNE DI FIRENZE,R. GIULIANI,180,Scuola,0
FI,FIRENZE,COMUNE DI FIRENZE,SENESE,109,Scuola,0
FI,FIRENZE,COMUNE DI FIRENZE,IX FEBBRAIO,18,Scuola,0
FI,FIRENZE,COMUNE DI FIRENZE,DEI BASSI,3,Scuola,0
FI,FIRENZE,COMUNE DI FIRENZE,BOLOGNESE,168,Scuola,0
FI,FIRENZE,COMUNE DI FIRENZE,PIAZZA SS. ANNUNZIATA,12,Scuola,0
FI,FIRENZE,COMUNE DI FIRENZE,VIA DELLE CASCINE,37,Scuola,0
FI,FIRENZE,COMUNE DI FIRENZE,L.A. DE BOSIS,41,Scuola,0
FI,FIRENZE,COMUNE DI FIRENZE,S.MARIA A CINTOIA,8,Scuola,0
FI,FIRENZE,COMUNE DI FIRENZE,DEGLI STEFANI,1,Scuola,0
FI,FIRENZE,COMUNE DI FIRENZE,S. BRUNONE,4,Scuola,0
FI,FIRENZE,COMUNE DI FIRENZE,SLATAPER,2,Ufficio,0
FI,FIRENZE,COMUNE DI FIRENZE,ISONZO,21,"",0
FI,FIRENZE,COMUNE DI FIRENZE,CIRCONDARIA,19,Ufficio,0
FI,FIRENZE,COMUNE DI FIRENZE,PIAZZALE PORTA AL PRATO,6,Ufficio,0
FI,FIRENZE,COMUNE DI FIRENZE,DELLE CASCINE,9,Ufficio,0
FI,FIRENZE,COMUNE DI FIRENZE,DELL'ARCOVATA,2,Ufficio,0
FI,FIRENZUOLA,STAZIONE CARABINIERI,Via Giovanni XXIII,"",Stazione carabinieri,1000
provincia,comune,Ragione sociale,indirizzo,civico,destinazione,sup_coperta
FI,FIRENZUOLA,COMPAGNIA CARABINIERI,viale giovanni XXIII,"",stazione carabinieri,1000
FI,FUCECCHIO,PARROCCHIA SANTA MARIA DELLE VEDUTE,viale Carducci,46,Luogo di culto,280
FI,FUCECCHIO,PARROCCHIA SANTA MARIA DELLE VEDUTE,via Dante,1,Luogo di culto,8
FI,FUCECCHIO,TOSCANA ENERGIA SPA (ex TOSCANA GAS SPA),SANMINIATESE,"",impianto di riduzione gas metano,60
FI,GREVE IN CHIANTI,POSTE ITALIANE S.p.A.,VIA GIUSEPPE DI VITTORIO,14,Ufficio aperto al pubblico,231
FI,GREVE IN CHIANTI,COMPAGNIA CARABINIERI,piazza emilio landi,16,Ufficio aperto al pubblico,0
FI,GREVE IN CHIANTI,ELEMENTARE LUCOLENA,VIA DI COLOGNOLE,"",Sede operativa cantiere comunale,1280
FI,GREVE IN CHIANTI,TEATRO BOITO,VIALE ROSALIBRI,2,Cinema/teatro/spettacoli,500
FI,IMPRUNETA,Azienda Sanitaria Firenze,VIA PAPA GIOVANNI XXIII,4,Distretto socio-sanitario,0
FI,LASTRA A SIGNA,COMUNE DI LASTRA A SIGNA,LARGO SAINT FONS,"",Impianto sportivo,1900
FI,MARRADI,IMPIANTI SPORTIVI: PISCINA COMUNALE,VIA DINO CAMPANA,42,Impianto sportivo,145
FI,MARRADI,SOCIETA ACQUEDOTTO VALLE DEL LAMONE SRL,VIA CHIUSIGNO,2,tettoia passerelle,7
FI,MARRADI,SOCIETA ACQUEDOTTO VALLE DEL LAMONE SRL,VIA CHIUSIGNO,2,Autorimessa,52.5
FI,MARRADI,Azienda Sanitaria Firenze,VIA DINO CAMPANA,1,Poliambulatorio,0
FI,MARRADI,HERA SPA,VIA  SAN ADRIANO,999,VASCHE PER RILANCIO IDRICO,0
FI,MARRADI,HERA SPA,ZONA INDUSTRIALE SAN ADRIANO,999,Impianto industriale,20
FI,MONTAIONE,D'ELSA. STORIA E IMMAGINI DEL SACRO MONTE DI SAN,VIALE V.DA FILICAIA,18,Ospedale/Casa di cura,3200
FI,MONTAIONE,D'ELSA. STORIA E IMMAGINI DEL SACRO MONTE DI SAN,G. PASCOLI,"",Impianto sportivo,800
FI,MONTELUPO FIORENTINO,ex ceramiche corradini brogioni,LOC. SANMINIATELLO,"",SITO DISMESSO,""
FI,MONTELUPO FIORENTINO,ex artinvetro,VIA F.LLI CERVI,"",SITO DISMESSO,""
FI,MONTELUPO FIORENTINO,ex nivial,VIA GRAMSCI,"",SITO DISMESSO,""
FI,MONTELUPO FIORENTINO,area ex vetreria lux,LOC. TORRE,"",SITO DISMESSO,""
FI,MONTELUPO FIORENTINO,vetreria vas,"VIA PAVESE, 12",12,SITO DISMESSO,""
FI,MONTELUPO FIORENTINO,ex vetreria vae,VIA F.LLI CERVI,"",SITO DISMESSO,""
FI,MONTELUPO FIORENTINO,COMUNE DI MONTELUPO FIORENTINO,VIA CAVERNI (1819),163,Scuola,695
FI,MONTELUPO FIORENTINO,ex terrecotte manetti,VIA GRAMSCI,"",SITO DISMESSO,""
FI,MONTELUPO FIORENTINO,ex terrecotte f.lli lotti,VIA GRAMSCI,"",SITO DISMESSO,""
FI,MONTELUPO FIORENTINO,TOSCANA ENERGIA SPA (ex TOSCANA GAS SPA),B. BUOZZI,"",impianto di riduzione gas metano,70
FI,MONTELUPO FIORENTINO,ex ceramiche mancioli,VIA CAVERNI,"",SITO DISMESSO,""
FI,MONTELUPO FIORENTINO,COMUNE DI MONTELUPO FIORENTINO,VIA DELLA PESA,"",Magazzino,975
FI,PALAZZUOLO SUL SENIO,STAZIONE CARABINIERI,VIA DELLA FAGGIOLA,8,CASERMA CARABINIERI,0
FI,PELAGO,ARMA CARABINIERI,viale Rimembranza,2,Ufficio aperto al pubblico,240
FI,PELAGO,TOSCANA ENERGIA S.p.A.,DI VICANO,"",impianto di riduzione gas metano,12
FI,PONTASSIEVE,COMUNE DI PONTASSIEVE,VIA DI DOCCIA,49,MONDO,300
FI,PONTASSIEVE,COMUNE DI PONTASSIEVE,VIALE DIAZ,54,Magazzino,830
FI,PONTASSIEVE,ex moggi luigi,PIANO PONTASSIEVE,"",SITO DISMESSO,""
FI,PONTASSIEVE,TOSCANA ENERGIA S.p.A.,VIALE HANOI,"",Ufficio,150
FI,PONTASSIEVE,ex centauro,VIA DI ROSANO,4,SITO DISMESSO,""
FI,PONTASSIEVE,Azienda Sanitaria Firenze,VIA PALAGI,38,Servizio Radiologico,0
FI,REGGELLO,S.I.M.S.SRL,Filarone di Reggello,"",IMPIANTO INDUSTRIALE,""
FI,REGGELLO,S.I.M.S.SRL,Filarone di Reggello,"",IMPIANTO INDUSTRIALE,""
provincia,comune,Ragione sociale,indirizzo,civico,destinazione,sup_coperta
FI,REGGELLO,S.I.M.S.SRL,Filarone di Reggello,"",IMPIANTO INDUSTRIALE,""
FI,REGGELLO,S.I.M.S.SRL,Filarone di Reggello,"",IMPIANTO INDUSTRIALE,""
FI,REGGELLO,S.I.M.S.SRL,Filarone di Reggello,"",IMPIANTO INDUSTRIALE,""
FI,REGGELLO,S.I.M.S.SRL,Filarone di Reggello,"",IMPIANTO INDUSTRIALE,""
FI,REGGELLO,S.I.M.S.SRL,Filarone di Reggello,"",IMPIANTO INDUSTRIALE,""
FI,REGGELLO,PARROCCHIA DI S. ANDREA APOSOLO A TOSI,PIAZZA INDIPENDENZA,11,Autorimessa,105
FI,REGGELLO,S.I.M.S.SRL,Filarone di Reggello,"",IMPIANTO INDUSTRIALE,""
FI,REGGELLO,S.I.M.S.SRL,Filarone di Reggello,"",IMPIANTO INDUSTRIALE,""
FI,REGGELLO,PARROCCHIA SANTA MARIA REGINA,VIA GIOVANNI XXIII,2,Luogo di culto,450
FI,REGGELLO,S.I.M.S.SRL,Filarone di Reggello,"",IMPIANTO INDUSTRIALE,""
FI,REGGELLO,S.I.M.S.SRL,Filarone di Reggello,"",IMPIANTO INDUSTRIALE,""
FI,REGGELLO,S.I.M.S.SRL,Filarone di Reggello,"",IMPIANTO INDUSTRIALE,""
FI,REGGELLO,S.I.M.S.SRL,Filarone di Reggello,"",IMPIANTO INDUSTRIALE,""
FI,SAN GODENZO,STAZIONE CARABINIERI,VICOLO DEL PARCO,2,Stazione Carabinieri,0
FI,SAN GODENZO,IMPIANTI SPORTIVI: CAMPO CALCETTO LA SALE,PIAZZA  MUNICIPIO,1,Ufficio aperto al pubblico,500
FI,SAN GODENZO,IMPIANTI SPORTIVI: CAMPO CALCETTO LA SALE,VIA FALTERONA,"",Impianto sportivo,50
FI,SAN PIERO A SIEVE,POSTE ITALIANE S.p.A.,VIA DON GIOVANNI MINZONI,18,Ufficio aperto al pubblico,133
FI,SAN PIERO A SIEVE,TOSCANA ENERGIA S.p.A.,S.R. 65 DELLA FUTA PIAN BARUCCI,"",impianto di riduzione gas metano,20
FI,SAN PIERO A SIEVE,PARROCCHIA SANTO STEFANO,S.STEFANO,1,Magazzino,12
FI,SCANDICCI,POSTE ITALIANE S.p.A.,VIA UMBERTO GIORDANO,"",Ufficio aperto al pubblico,231
FI,SCANDICCI,IMPIANTI SPORTIVI: U.S. SPORTING ARNO,VIA SAN COLOMBANO,31/h,Impianto sportivo,250
FI,SCANDICCI,COLOMBANO,STAGNACCIO BASSO,7,rimessaggio cavalli,600
FI,SCANDICCI,Comune di Scandicci,VIA DELLE CORBINAIE,"",Scuola,2450
FI,SCANDICCI,Comune di Scandicci,VIA DEL MOLIN NUOVO,"",Scuola,1120
FI,SCANDICCI,Comune di Scandicci,VIA F. SASSETTI,"",Scuola,3500
FI,SCANDICCI,Comune di Scandicci,VIA NERUDA,1,Scuola,2500
FI,SCANDICCI,Comune di Scandicci,VIA S. ALLENDE,"",Scuola,4000
FI,SCANDICCI,Comune di Scandicci,PIAZZALE DELLA RESISTENZA,1,Palazzo Comunale,3070
FI,SCANDICCI,PARROCCHIA DI SAN LUCA AL VINGONE,PIAZZA BRUNELLESCHI,"",Luogo di culto,220
FI,SCANDICCI,Comune di Scandicci,VIA RUGGERO LEONCAVALLO,2,Scuola,3000
FI,SCANDICCI,PARROCCHIA DI SANTA MARIA a SCANDICCI,VIA DI SCANDICCI ALTO,22,Luogo di culto,200
FI,SCARPERIA,TOSCANA ENERGIA S.p.A.,BERRETTA,"",impianto di riduzione gas metano,45
FI,SCARPERIA,TOSCANA ENERGIA S.p.A.,TORRE,"",impianto di riduzione gas metano,30
FI,SESTO FIORENTINO,POSTE ITALIANE S.p.A.,VIA DELL'OLMO,125,Ufficio aperto al pubblico,1339
FI,SESTO FIORENTINO,PARROCCHIA DI SANTA MARIA A QUINTO,VIA DI CASTELLO,27,orto,0
FI,SESTO FIORENTINO,PARROCCHIA SANTA MARIA A PADULE,PIAZZA SAN BARTOLOMEO,10,Magazzino,48
FI,SESTO FIORENTINO,Regione Toscana,VIA LUCCHESE,72,Ufficio,3000
FI,SIGNA,POSTE ITALIANE S.p.A.,STRADA STATALE PISTOIESE,"",Ufficio aperto al pubblico,60
FI,SIGNA,POSTE ITALIANE S.p.A.,PIAZZA DELLE POSTE,39,Ufficio aperto al pubblico,231
FI,SIGNA,SCUOLA MEDIA ISTITUTO COMPRENSIVO SIGNA,XX SETTEMBRE,57,palestra,1000
FI,TAVARNELLE VAL DI PESA,Azienda Sanitaria Firenze,VIA BENEDETTO NALDINI,28,Distretto socio-sanitario,0
provincia,comune,Ragione sociale,indirizzo,civico,destinazione,sup_coperta
FI,TAVARNELLE VAL DI PESA,GRAMASTEDA,CELLINI,20,Magazzino,340
FI,VAGLIA,COMPAGNIA CARABINIERI,viale della stazione,8,Ufficio aperto al pubblico,660
FI,VAGLIA,TOSCANA ENERGIA S.p.A.,NARDI DA RAZZO,"",impianto di riduzione gas metano,5
FI,VICCHIO,ARMA CARABINIERI,via della Repubblica,17/19,Ufficio aperto al pubblico,464.94
FI,VINCI,tribeca sas,VIA MERCATALE,"",SITO DISMESSO,""
FI,VINCI,autodemolizioni cioni silvano,LOC. PETROIO,"",SITO DISMESSO,""
FI,VINCI,INDUSTRIE BITOSSI SPA,Pietramarina,33,IMPIANTO INDUSTRIALE,""
FI,VINCI,COLOROBBIA ITALIA SPA,Via Pietramarina,123,IMPIANTO INDUSTRIALE,""
FI,VINCI,ex fornace di vinci,VIA MERCATALE,"",SITO DISMESSO,""
